street,streetNumber,zipcode,City
3rd,8445,,Xinyang
East,8550,5281,Junín
Cottonwood,07,,Sitampiky
Tennyson,617,8423,San Benito
2nd,03,26900-000,Miguel Pereira
Cardinal,07384,,El Cobre
Delladonna,8308,,Palaiochóri
Loeprich,352,321-1436,Nikkō
Meadow Vale,46,999-3776,Higashine
Haas,1561,,Altan-Ovoo
Karstens,7014,35740-000,Esmeraldas
Lunder,4022,646160,Lyubinskiy
Cascade,1,40672,Shah Alam
Basil,367,,Dubravica
Portage,72317,86660-000,Santa Inês
Donald,4482,,Anaco
Londonderry,3,,El Espino
North,992,2420,Alangilanan
Hauk,81,,Stoney Ground
Killdeer,1322,28-210,Bogoria
Havey,4,134548,Morales
Anthes,3,,Dār an Naşr
Mandrake,28,4800-230,Atães
Kinsman,2147,,Kedungharjo
6th,4806,,Aghsu
American,848,,Bulupayung
Coleman,389,,Sevaster
Farmco,921,,Ngaliyan
Carey,1571,,Tanahmerah
Homewood,6976,,Lazi
Forest Run,99,,Xumai
Calypso,68,,Uhniv
Laurel,1,51521,Punat
Glacier Hill,88,4903,Torrijos
Russell,49,,Ganjaran
Superior,67,152 31,Södertälje
Spohn,7877,,Sabanitas
Logan,92,,Soho
Namekagon,724,,Chetian
Mallard,0,872 24,Kramfors
Schlimgen,223,,Maogou
Eagan,9607,93126 CEDEX,La Courneuve
Kim,3,,Gjirokastër
American,0449,4712,Bolo
Jana,734,16301,Orimattila
Florence,21163,11-130,Orneta
3rd,40,,Parabon
Carioca,2,,Kuiyong
Vernon,571,,Lindian
Mariners Cove,88,,Minle
La Follette,0,052438,El Bagre
Beilfuss,462,9206,Maigo
Emmet,366,,Nova Kakhovka
Hallows,47,,Bayshint
Graceland,5,2525-713,Ribafria
Lakewood Gardens,888,,Roa
Union,2594,,Pavliš
Cambridge,4317,,Ouani
Novick,7,,Motong
Raven,9,,Pogag
Superior,2,216290,Velizh
High Crossing,1,,Lyubashivka
Green Ridge,9,,Longju
Vernon,56735,37-303,Kuryłówka
John Wall,81,2162,Botevgrad
Vahlen,422,28360,Jīwani
Dorton,1,6122,Koronadal
Farragut,9,4810-050,Loureiro
Arrowood,4300,8201,Veinticinco de Mayo
Lukken,0227,30170,Pa Kham
Larry,63,,Sitajara
Sullivan,81380,6932,Prince Albert
Miller,599,1814,Cañuelas
Onsgard,55,412954,Cherkasskoye
Lien,900,,Tân Châu
Grim,11,,Smimou
Little Fleur,69,7050-405,Cabrela
John Wall,3,11803 CEDEX 9,Carcassonne
Maryland,9464,62254 CEDEX,Hénin-Beaumont
Manley,003,303461,Ol’gino
Magdeline,61,,Kafr Zībād
Fulton,34,,Wangcungang
Oak,38,D15,Whitegate
Nevada,0,,Changmao
Saint Paul,28,50120,San Pa Tong
Spohn,67150,,Al Jīzah
Glendale,4357,,Guayaquil
Lerdahl,2,96700-000,São Jerônimo
Drewry,1849,,Hucheng
Grover,6,,Louguan
Kenwood,53634,,Atsipópoulon
Autumn Leaf,9,538 62,Hrochův Týnec
Michigan,52508,,Lalukoen Dua
Bunker Hill,649,,Jinkou
Hoard,2718,,Houmt Souk
Mallard,33915,,Sumurgung
Pearson,0482,,Sanpai
Myrtle,90,S4X,Bancroft
Twin Pines,5,,Djibo
Mcbride,1191,79945,El Paso
Kedzie,840,,Changzhi
Ramsey,61485,,Ludza
Marquette,36,810009,Arauca
Waxwing,786,347-0105,Kisai
Golf Course,6,,Dabat
2nd,2,10160,New York City
Commercial,622,,Lũng Hồ
Dayton,3,82007,Cheyenne
Emmet,9,,Ambato Boeny
Raven,655,611 93,Nyköping
Sundown,3,94463,Buenavista
Cottonwood,69225,417 17,Göteborg
Utah,0,4820-449,Calvário
Welch,0140,,Lucma
Forest,9017,781 29,Borlänge
Marcy,0614,1301,Belfast
Service,5850,G8H,Roberval
Moulton,63,3328,San Bernardo
Badeau,22,6309,General Manuel J. Campos
Erie,1618,40070,Santa Cruz
Westend,285,6413,Molde
Old Gate,34,353624,Staroshcherbinovskaya
Arrowood,61406,,Xinlong
Dottie,539,44143,Dortmund
Northwestern,73,055827,Heliconia
Canary,8,745-0654,Kudamatsu
Hayes,9194,,Mriyunan
Fremont,7666,747 15,Šilheřovice
Lindbergh,2643,64-800,Chodzież
Randy,252,19172,Philadelphia
West,1,10112,Bella Vista
Jana,8632,,Xijia
Ludington,570,21-210,Milanów
Nelson,27660,,Lame
Springview,9801,607914,Novospasskoye
Loftsgordon,59,,Valle de Ángeles
Laurel,171,,Gudauta
Corscot,260,,Catumbela
Luster,310,416357,Krasnyye Barrikady
Clarendon,7,,Mégara
Jackson,2,,Huyuan
Loeprich,94879,,Santa Rosa de Lima
5th,52,,Gaozhou
Village Green,5,347837,Masalovka
Vermont,4656,,Muzhou
Texas,411,M2J,Sparwood
Dovetail,19260,,Kassiri
Grim,273,,East End
Laurel,59,,Dragash
Village,750,,Youfang
Merry,20,1715,Tigbaw
Dorton,737,1045,Кондово
Walton,3036,,Shalqīya
Redwing,971,8722,Lurugan
Jana,1,174442,Opechenskiy Posad
Lien,76622,6039,Tajao
Bunker Hill,5581,45004 CEDEX 1,Orléans
Portage,81454,,Qalaikhumb
Heffernan,67,143969,Reutov
Schmedeman,6,93228,Los Mangos
Redwing,44707,,Monastir
Northridge,73692,656910,Nauchnyy Gorodok
Mosinee,581,,Taldyqorghan
Lyons,4,,Fiditi
Oak Valley,1,,Kramators’k
Heath,59,1719,Padang
Hansons,49680,,Mākū
Hazelcrest,73,,Petite Rivière de Nippes
Leroy,54,,Dongshui
Monument,55,4436,Sultan Kudarat
Oakridge,51,952-2224,Ishige
Sommers,74,512 63,Borek
Texas,04656,178 54,Ekerö
Mayfield,5,,Banyuresmi
1st,0,3025-348,Ardazubre
Claremont,56,3810-600,Verba
Heath,546,,Sanhe
Melody,45925,,Shenshu
Village Green,2,052038,Yarumal
Shelley,5,,Sebina
Buena Vista,1463,,Xinmin
Oxford,167,,Pengilon
Golf Course,4,1126,Lydenburg
Union,1,799-0412,Kawanoechō
Eagan,90,412091,Turki
Del Mar,1626,35400-000,Ouro Preto
Everett,132,,Pulosari
Stang,0,757 01,Lipník nad Bečvou
Thierer,9662,13835-000,Conchal
Mayfield,98,,Omu Aran
Lindbergh,9,8501,San Francisco
Straubel,3,25000-000,Duque de Caxias
Bayside,15641,,La Peña
Bluejay,191,,Ziroudani
American Ash,7719,07014,Santa Cruz La Laguna
Crowley,5949,37470-000,São Lourenço
Heath,1,7104,Manquiring
Oxford,69,,Dayr Sāmit
Hudson,05,65685-000,Buriti Bravo
Mallory,05958,,Bahuang
Sage,5875,,Zarzis
Loomis,96,,Hot
Transport,9832,,Rengo
Ilene,35097,,Roshnik
Reinke,06,597 50,Åtvidaberg
Comanche,8,249406,Lyudinovo
Monterey,321,56617,Independencia
Scoville,5136,46160,Khao Wong
Rowland,3,251857,Guayabetal
Elgar,18,,Sumbermanggis
Ryan,25,,Bunia
Lakewood,84294,79632,Nusajaya
Welch,755,669310,Bokhan
Kinsman,0198,,Xinsheng
Main,94,,Boca Suno
Judy,4792,62514,Putrajaya
Linden,992,7814,Emmen
Mendota,8,93321 CEDEX,Aubervilliers
Killdeer,93197,,Abraham’s Bay
Clove,2,102 46,Stockholm
Scofield,42698,,Haquira
Sherman,20572,571 82,Nässjö
Sommers,01,,Taozhou
Stuart,5392,3013,Norzagaray
International,28730,,Jinhai
Butterfield,6087,8038,Bodø
La Follette,07,,Ambarakaraka
Everett,0,,Mnelalete
Anhalt,80,,Jizhou
Eggendart,0,6811,Giporlos
Amoth,61,65715-000,Lago da Pedra
Kim,0,541 70,Skövde
7th,77987,,Darkūsh
Sauthoff,96,96980,Francisco Villa
Crowley,57,,Shangcai Zhongxing
Pennsylvania,5374,56001,Aleksotas
Oak,112,,Kubangkondang
Jana,552,,Bibrka
Kennedy,74,,Airmolek
Lillian,2942,,Gubengairlangga
Arizona,95,,Comalapa
Ridgeway,47,618593,Krasnovishersk
Prairie Rose,67308,397815,Strelitsa
Gerald,25,,Hutang
Gina,73968,,La Mesa
Corscot,5,055457,Sabaneta
Rieder,77818,,Cirumput
Meadow Valley,1,,Antimácheia
Schmedeman,521,273 35,Tomelilla
5th,2,5211,Sapang Buho
Mccormick,55,,Zhongluotan
Canary,787,,Putina
North,589,,Nioro
Beilfuss,7969,,Tshaneni
Shopko,7,792 27,Mora
Sachs,3660,,Kenyau
Maple,2,,Pinglumiao
Killdeer,5,,Xingzhen
Almo,2,,Néa Karyá
Colorado,5,83900-000,São Mateus do Sul
Lindbergh,53017,,Lapid
Schmedeman,4177,2889,Petrich
Pearson,23292,182142,Velikiye Luki
Debs,0462,,George Town
Dexter,7633,,Hayang
Crownhardt,8,,Đồng Mỏ
Ronald Regan,7,,Gendiwu
Kensington,3,83120,Wichit
Ruskin,9,32235,Bapska
Oriole,36265,2017,Masantol
Declaration,5791,,Begejci
Portage,88530,35033 CEDEX 9,Rennes
Porter,76,,Moganshan
Lien,971,4313,Beddeng
John Wall,2,,Tocopilla
Bayside,68,26030,Francisco Villa
La Follette,109,,Shaxi
Schurz,927,,Wan’an
Stoughton,815,,Gar
Maple Wood,0,,Néa Péramos
Linden,045,445550,Obsharovka
Hoepker,0,,Laozhuang
Longview,427,,Rafael Perazza
Nancy,5,,Gardutanjak
Springview,4463,538 43,Třemošnice
Iowa,5356,,Bahía de Caráquez
Bowman,538,4620-816,Mata
Basil,89542,10020,Novi Zagreb
Mendota,3502,88084 CEDEX 9,Épinal
Muir,822,6060-414,Rosmaninhal
Lakeland,0,,Nancun
Doe Crossing,7938,,Junshan
Dapin,1,,Da’anshan
Monterey,1,,Cornillon
Hanson,41593,30540,San Juan
Orin,2699,,Wanju
Westridge,1076,,Jiguaní
Hudson,41,2390,Ravne na Koroškem
Magdeline,9408,,Sarykemer
Sheridan,81331,,Fushëkuqe
Mccormick,10,,Dongji
Bobwhite,51228,366309,Shali
Division,69345,,Mintang
Fairfield,4009,141707,Businovo
Nevada,76,L-8511,Redange-sur-Attert
Messerschmidt,7,694820,Tomari
South,14460,302 30,Halmstad
Hoard,7,90110,Pathum Thani
Jackson,78,P6A,Marathon
Elka,313,31678 CEDEX,Labège
Helena,27,,Andkhōy
Valley Edge,5345,,Sanxi
Bartelt,49,,Wufeng
7th,6905,1658,San Ramon
Kingsford,0,,Kalaxilike
Bellgrove,0,903 22,Umeå
Longview,34,,Ndofane
Mifflin,2,36210,Vigo
Hazelcrest,90,,Al Qāmishlī
Jenna,8,97-318,Czarnocin
American,38580,10250,Lučko
Waywood,57993,94852 CEDEX,Ivry-sur-Seine
Hazelcrest,8556,58225-000,Solânea
West,53624,6443,Brooklyn
Graceland,433,,Magole
Eagle Crest,76,,Jepara
Petterle,3,,Tarogong
Blaine,239,,Tracal
Center,3,999-2256,Sakai
8th,82737,,Ha
Forster,6,,Gonzalo Pizarro
Doe Crossing,7,,Longguang
Maywood,4212,281 63,Kostelec nad Černými Lesy
Texas,8,6702,Wright
Talmadge,3,,Henghe
Sutherland,074,91891,Independencia
Shasta,5322,16565,Erie
Sundown,5596,662133,Lakinsk
Lillian,443,,Big Bend
Warner,00249,,Yonggu
Hermina,6611,60630,Chicago
Roxbury,103,,Zhongxi
Graceland,3622,,Amparita
Randy,087,66410,Benito Juarez
Vernon,7,,Nove-Misto
Victoria,42,507 32,Kopidlno
Fallview,386,,Xiangcunxiang
Vera,5367,,Dalongtan
Nevada,1292,444018,Fonseca
Anzinger,4,65415-000,Coroatá
Lakewood,8,84120,Ban Na San
Thackeray,3,33060 CEDEX,Bordeaux
Lakewood,632,273017,Ariguaní
New Castle,78,75100 CEDEX 01,Paris 01
Kropf,798,4605-425,Carvalho
Park Meadow,0258,4980-403,Bemposta
Sherman,73,,Llazicë
Weeping Birch,06345,,Huicheng
Valley Edge,7161,,Liulin
Larry,20518,,Guangsheng
Corscot,5,60000-000,Fortaleza
Grover,08735,,Ozurgeti
Messerschmidt,11,5516,Capulaan
South,0,,Parakanbeusi
Lien,18801,80042 CEDEX 1,Amiens
Holmberg,1091,19950,Luhanka
Dorton,1085,641500,Lebyazh’ye
Surrey,26427,,Wendengying
Westend,069,,Jianguang
Norway Maple,4993,,Mērsrags
Nancy,0,,Jūrat ash Sham‘ah
Buell,45,,Chakaray
Transport,180,,Panenjoan
Mendota,527,48120,Tha Uthen
Mifflin,7279,77-201,Miastko
Manley,9,,Kubangkondanglapangan
Lake View,15146,,Xinhe
Duke,878,,Ganzhou
Stone Corner,45,37-754,Babice
Vernon,1,,Tibati
Leroy,8578,789 01,Zvole
Alpine,98558,8000,Davao
Orin,42837,93916,Kuching
2nd,94,,Hanfeng
Raven,63,,Hödrögö
Everett,62873,,Karano
Tennessee,15651,,Lashkar Gāh
Stuart,79,97824 CEDEX,Le Port
Spenser,74536,413028,Campoalegre
Colorado,972,,Vil’nyans’k
American,93805,,Thymianá
Morning,6078,,Liutangting
Mcguire,43147,46980-000,Iraquara
Burrows,5,,Sidi Slimane
Vahlen,511,4435,Tagasilay
Bunting,9,3550-053,Vales
Banding,72,,Suka Makmue
Summerview,5,2430-632,Passagem
Havey,3970,G7P,Saint-Ambroise
Welch,004,,Senggreng
Boyd,923,948-0212,Iwase
Fallview,266,,Dongtucheng
Warbler,5191,,Oepula
Sycamore,2042,,Xiashan
Stephen,6,40323,Otok
Victoria,1108,L5W,Mississauga
Mcbride,5,86061,Tytuvėnėliai
Anzinger,518,357128,Nevinnomyssk
Sachs,8,14085 CEDEX 9,Caen
Dayton,67369,,Wuli
Marquette,7686,140209,Voskresensk
Nevada,99,11105,Neiba
Forest Run,1555,61120,Thap Than
North,936,A8A,Carman
Springview,822,431674,Chishmy
Drewry,242,14001,Santa Cruz del Quiché
Pearson,25839,72234 CEDEX,Arnage
Lakeland,47259,9407,Kabacan
Hagan,9603,,Kukës
Delaware,09663,,Karney Shomron
Quincy,12,,Bagansiapiapi
Southridge,09,184 23,Åkersberga
Blackbird,20,2550-523,Vermelha
Loeprich,4617,,Qingshui
Canary,20952,,Zyryanovsk
Starling,4736,,Gaoshibei
Marcy,144,2860-010,Alhos Vedros
Becker,43345,,Baishigou
Waubesa,20,,Malo
Lotheville,5835,,Galatás
Lakewood,105,32575,Pensacola
Arrowood,969,A85,Donegal
Lien,856,,Garko
Carberry,80186,87201,Albuquerque
Red Cloud,65,,Pelem
Hoepker,8687,,Liuji
Birchwood,330,,Bin’an
Southridge,97886,75610,Melaka
Golf,64901,,Soreang
Karstens,3709,2435-127,Pontes
Merrick,35387,,Diriamba
Crownhardt,53306,2686,Alejandro Roca
Eagle Crest,827,,Tahoua
Morningstar,5296,2725-007,Algueirão
Morning,4,,Uzgen
Pond,49,,Kadoma
North,1447,,Az̧ Z̧a‘āyin
Lunder,804,64190,Kansas City
Cascade,342,,Ambanja
Schurz,1952,78325-000,Aripuanã
Little Fleur,2,142008,Yam
Warner,21592,,Kukulu
Hallows,310,,Brovary
Anthes,4,,Oenopu
Cody,953,,Chervone
Russell,45333,,Banjar Sedang
Chive,690,571 92,Nässjö
Dovetail,98172,,Qingdao
Morrow,31,4765-405,Guardizela
Ilene,4449,57016 CEDEX 01,Metz
Macpherson,135,,Shizi
Gina,4495,,Laojiangjunjie
Grasskamp,8,,Muyaka
Grasskamp,812,,Klutuk
Londonderry,444,,San Pablo
Golf Course,24,36009 CEDEX,Châteauroux
Westridge,0,6527,Malway
Comanche,8862,901 81,Umeå
Scoville,2,71120,Uttaradit
Jenifer,7137,,Zhangxi
Westridge,115,,Xingzhen
Continental,99,,Kotel’va
Blaine,05077,,Singkir
Raven,12326,,Lefkoniko
Chive,99,,Iwŏn-ŭp
Rutledge,10,,Kuangsan
Scott,1,61110,Rockford
Blaine,599,,Longquan
Anniversary,509,,Anyang
Maryland,11552,,Katsikás
Grayhawk,51186,8006,Guihing Proper
Marquette,6391,49117 CEDEX,Saint-Pierre-Montlimart
La Follette,1,,Daoukro
Red Cloud,9157,,Pondokaso
Merry,4,,Zongzhai
Kropf,25175,54455,Morelos
Haas,6486,98195,Seattle
5th,8120,,Gembu
Ramsey,3,1150,Hobo
Rigney,5,,Honghualiangzi
Lindbergh,80,22501,Haveliān
Grayhawk,09871,,Aranđelovac
Thierer,0364,301477,Plavsk
Maple,8,59-610,Wleń
Charing Cross,4594,,Longbei
Pleasure,17732,959-1287,Tsubame
Stoughton,18,L6J,Oakville
Sachs,27,22016,San José Acatempa
Cherokee,70,,Laoqiao
Scofield,68316,10039,New York City
Blackbird,393,,Tamorot
Vernon,57,,Qiangtou
Delaware,67,,Baoyou
Browning,88612,36-071,Trzciana
8th,46,621 22,Visby
Myrtle,24463,,Nularan
Annamark,24055,89762,Francisco Villa
Lukken,88853,182520,Nevel’
Roth,442,58378-000,Itatuba
Portage,55059,601671,Kiritsy
Ryan,91668,,Longuita
Browning,560,,Qiaotou
Algoma,36,13270-000,Valinhos
Butternut,966,,Xirikxiy
Myrtle,3637,,Lyubymivka
Elka,86251,,Xihuaiba
Schmedeman,49,62604 CEDEX,Berck
Moose,68,66286,Shawnee Mission
Susan,9,,Heling
Warner,245,,Norashen
Warrior,643,7808,Hobart
Harbort,00543,,Tacarigua
Everett,02,,Al Wuday‘
Arkansas,04015,5184,Capilla del Monte
Reinke,1,,Huatan
Corscot,2802,,Besukrejo
Arkansas,0,055018,La Ceja
Mallory,195,412 20,Göteborg
Dakota,3851,69639 CEDEX,Vénissieux
Harbort,582,,Zuolan
Hauk,504,,Haiyang
Haas,775,,Konispol
Park Meadow,47979,6039,Tajao
Lakewood Gardens,3193,352364,Tbilisskaya
5th,93,175260,Poddor’ye
Marquette,235,1470,Calibutbut
David,3,,La Libertad
Buena Vista,59175,27400,San Luis
Parkside,057,5101,El Quebrachal
Westridge,1,,El Viejo
Rutledge,8,445564,Severomorsk
Kenwood,3552,,Huancheng
Chinook,82487,13140-000,Paulínia
Calypso,62,95234,Soisy-sous-Montmorency
Kennedy,6,,Wuyang
Dapin,03,,Chaoyang
Fair Oaks,61,,Vynohradove
Mesta,45157,,Dadukou
Caliangt,428,,Gaotan
Aberg,710,77381,Naudero
Village Green,2,L6J,Oakville
Basil,66606,7017,Binucayan
Parkside,59,,Youlan
4th,69,15240,Sa Bot
Buell,11,361336,Nartkala
Nevada,3,,Padangbatung
Lien,83913,,Xinzhuang
Paget,2629,,Salfīt
Hansons,182,4640-540,Lamas
Rockefeller,6,78050,Chak
Myrtle,3,,Ādaži
Fordem,41,7120,Songculan
Melvin,49,92110,San Diego
Londonderry,5,,Chating
Mosinee,17444,925-0145,Iwata
Esch,8531,307602,Dorogobuzh
Fremont,84048,,Siwalan
Thompson,86,1485,Kalbugan
Stephen,44248,13660-000,Porto Ferreira
Bobwhite,7,,Manjo
Almo,1982,155334,Vichuga
Morningstar,92,,Banjar
Amoth,67,,Nart
Carpenter,7,,Ninh Hòa
Grover,92,90045,Los Angeles
Colorado,56698,,Zhijin
Caliangt,7,,Okcheon
Rieder,708,48475-000,Itapicuru
Steensland,2872,,Tía Juana
Hollow Ridge,63819,,Bugana
Bellgrove,258,57210,Nakhon Si Thammarat
Fairfield,10,,Huangtang
Nova,63834,9675-165,Ribeira Quente
Shopko,4995,601107,Zhavoronki
Thierer,05928,87140,Los Pinos
Farwell,05258,350-0134,Ōtsuchi
Valley Edge,288,48126,Dearborn
Bultman,8,,Al Qanāwiş
West,2,,Guangning
Stone Corner,5566,,Couva
Lake View,91658,6602,Padre Burgos
Onsgard,2,,Andrijevica
Grayhawk,870,,Madan
Dahle,686,618383,Shakhta
Hoard,345,,Huacaschuque
Mccormick,71408,4508,Santo Domingo
Springview,36,6615,Palauig
Dovetail,80286,662174,Stan-Bekhtemir
Comanche,171,,Yangtan
Fulton,49673,,Gambo
Judy,69,,Yilkiqi
Lakeland,52,,Huangbu
Wayridge,08727,763 02,Tečovice
Eggendart,04937,48-120,Baborów
Wayridge,666,,Xinhe
Briar Crest,3,,Sumberrejo
Waxwing,5,,Monte Patria
Manitowish,6,18520-000,Cerquilho
Mccormick,7230,,Pukou
Sheridan,6,,Guazapa
Ludington,8416,361203,Terek
Thackeray,16538,,Kajok
Waywood,7418,59304 CEDEX,Valenciennes
Sunbrook,0,2285,eMbalenhle
Bluestem,3675,26620,Pekan
Muir,53,44-246,Gardawice
Crescent Oaks,710,9214,Rebe
Holy Cross,2401,665028,Berëzovka
Reindahl,9,869-6111,Hagi
Dunning,2,35930-000,João Monlevade
Del Mar,1,,Hanfeng
Truax,9072,96760-000,Tapes
Dakota,68,37-470,Zaklików
Troy,8,,Yanbei
Welch,8,14030 CEDEX 4,Caen
Washington,6240,,Kefar Yona
Kedzie,88833,346020,Krechevitsy
Waubesa,722,,Bangassou
Everett,00,,Proástion
Lunder,041,,Eséka
Monterey,00,,Aqqan
Doe Crossing,32,,Nanniu
Tony,053,238703,Lesnoye
Mesta,275,422847,Koksovyy
Monterey,990,881 30,Sollefteå
Hanson,18,999-0601,Naka
Sommers,92419,,Cairani
Mitchell,795,,Zongzhai
Meadow Valley,870,,Tonghu
Butternut,34241,433568,Novaya Mayna
Main,71,,Mintian
Prentice,850,,Azacualpa
Reinke,5072,,Tangwang
Northridge,99,446416,Georgiyevka
Waxwing,167,,La Mula
Park Meadow,6206,4821,Flagstaff
Wayridge,3,5881,Merlo
Sachtjen,2721,7124,Kalawit
Mockingbird,6786,779-3601,Haibara
Cascade,27578,756 12,Horní Lideč
Holmberg,3081,09-310,Kuczbork-Osada
Merry,7635,,Lecong
Toban,86,,Dourbali
Sachtjen,25919,86-230,Lisewo
Dahle,90998,,Peraía
Moland,158,,Sambong
Pearson,00499,136 63,Haninge
Scofield,4401,397855,Ostrogozhsk
Old Gate,69849,,Đắk Mil
Dakota,59,,Makui
Arapahoe,173,48744,San Pedro
Havey,8847,,Melekyne
Riverside,868,,Llaillay
Harper,21,1103,Matiompong
Montana,8883,77-330,Czarne
Alpine,0220,37958-000,Monte Santo de Minas
Blue Bill Park,99,,Ţāmiyah
Acker,0,2815-625,Sobreda
Nevada,28,,Fès
Dawn,7914,,Al Matūn
Bashford,31074,11630-000,Ilhabela
Pepper Wood,40487,,Hacıqabul
Drewry,0598,241551,Sel’tso
Hayes,02,,Higuerote
Basil,69,27197-000,Pinheiral
Thackeray,7,,Sukapura
Londonderry,3476,5417,San Jacinto
Eastlawn,87856,,Bunisari
Hoepker,220,D04,Foxrock
Onsgard,60,,Bajia
Elgar,05226,932 33,Skelleftehamn
Drewry,165,,Zalishchyky
Welch,57,,Youzha
Springview,70,J2E,Drummondville
Green Ridge,96,,Thamaga
Warrior,81000,678986,Kupchino
Northwestern,29119,05-074,Halinów
Delladonna,426,771 55,Ludvika
Stoughton,6768,,Mirsíni
Sullivan,7360,,Jūrmala
Weeping Birch,073,,Puncaktugu
Redwing,63,687200,Dul’durga
Holy Cross,7338,26-806,Stara Błotnica
Armistice,70872,43-267,Rudziczka
Morningstar,2,,Heihe
Canary,0,52107,Guadalupe
Bayside,07,,Guangyi
Milwaukee,89,,Fendou
Miller,29527,,H̱olon
Declaration,400,11112,Juan Santiago
Sachs,84718,0512,Oslo
Almo,46352,,Kariat Arkmane
Anderson,510,,Palecenan
Longview,810,,Al Bāriqīyah
Stang,99,,Desē
La Follette,2,,Xiaoguwei
Thompson,01004,27009 CEDEX,Évreux
Corscot,59,,Marapat
Shopko,6622,32275,Bošnjaci
Vidon,6,4650-089,Venda Nova
Warner,153,,Windusakti Hilir
Loftsgordon,866,,Easington
Milwaukee,262,4622,Yerba Buena
Morrow,9,,Changliu
Spenser,02190,348 15,Planá
Kennedy,14,16-420,Raczki
Mariners Cove,7185,,Fuquan
Melby,25,,Lena
Ryan,34347,,Rozhnyativ
Northland,950,,Wudan
Erie,1570,999-8317,Komatsu
Buena Vista,27,12701,Loppi
Eliot,2,,Huangbayi
Bonner,58790,601107,Zhavoronki
Bluejay,15,792 34,Mora
Hazelcrest,2,,Sinarwangi
Helena,587,34940 CEDEX 9,Montpellier
Badeau,2,,Curug
Esch,8210,,Bireun
Sheridan,1606,1035,Budapest
Vahlen,4,,Huangshi
Debs,579,,Jinling
Fremont,37670,,Masjed Soleymān
Westridge,03,9103,Sagay
Kim,5669,,Dongyong
Kings,9614,,Satowebrang
Hudson,16165,,Oytal
Manitowish,59530,,Watublapi
Division,952,,Manyava
Thackeray,76,,Xianghuaqiao
Golf View,28211,,Néa Plágia
Lien,0653,95611 CEDEX,Cergy-Pontoise
Warner,913,,Playas
Sunfield,1,2785-549,Zambujal
Ronald Regan,330,,Birātnagar
Upham,29,,Yuyapichis
Holy Cross,181,50695,La Virgen
Spaight,00412,,Xiangrong
Thierer,7590,,Xiaogang
Summerview,46,J4W,Longueuil
Blaine,4,60406 CEDEX,Noyon
Merrick,2729,,Sambava
Lunder,0042,05-320,Mrozy
Macpherson,54089,,Cibinong
Upham,85,,Zouma
Banding,40,,Banjar Kajanan
Weeping Birch,30084,,Qingfeng
Veith,33,,Xinyi
Butternut,55,10514,Tamboril
Bellgrove,89160,,Waina
Norway Maple,09,184433,Zapolyarnyy
East,787,,Mlonggo
Crownhardt,7795,,Jiyizhuang
Hoffman,70361,,Sangumata
Straubel,02960,,Citalahab
Granby,6299,,Abū Qalqal
Melvin,5833,,Xiache
Memorial,76,16000-000,Araçatuba
Debra,46,11803,Moca
Onsgard,284,363621,Zmeyskaya
Rigney,78004,,Daduo
Hudson,57614,7104,Manquiring
Russell,95465,352177,Temizhbekskaya
Fuller,180,,Nzérékoré
Prentice,05127,989-1323,Ōkawara
Farragut,7,45310,El Refugio
Muir,3139,,Yangshufang
Towne,657,35680-000,Itaúna
Eagan,4652,7305,Sumisip
Valley Edge,2618,42505 CEDEX,Le Chambon-Feugerolles
Golden Leaf,87,2530-327,Zambujeira
Eliot,76480,,Krajan Suko Kidul
Montana,8,9787,Barkly East
Dottie,229,,Fu’an
Esker,62,,Sho’rchi
Eagle Crest,4,,Naguanagua
Jackson,27,359150,Yashkul’
Eastlawn,1,2519,Lusong
Merchant,4729,,Baş Göynük
Forest Run,18186,184 92,Åkersberga
Ilene,7182,,Tanggeung Kolot
Warrior,91501,,Pagedangan
Fordem,04,V7R,Hope
Montana,19654,50251,Jand
Arrowood,0054,,Kalampáka
Village Green,34,446729,Shigony
Kinsman,35,,Chaguaramas
Mallory,9850,,Xiapu
Farmco,633,,Aigínio
Katie,6712,2704,Narvacan
Express,68976,4730-510,Eirado
Lakewood,435,,Hayang
Marquette,87215,,Maying
Hansons,4295,,Guarenas
Katie,3,,Anse à Galets
Hazelcrest,1,,Būr Safājah
Manley,71,,Luangwa
Truax,27,27120,Wang Nam Yen
Vidon,8341,6230,General Villegas
Dixon,7,85200-000,Pitanga
Blaine,025,162002,Gryazovets
Stang,38991,,Luoyang
Glendale,2092,501018,Cabuyaro
Mesta,10568,,Santa Catalina
Kim,284,MD-5233,Drochia
Reindahl,43804,40025 CEDEX,Mont-de-Marsan
Lyons,3482,,Boconó
Iowa,2,,Jishi
Sage,7,,Jingtou
Buhler,73885,,Zhangfeng
High Crossing,3,,Shuiyang
David,82384,94569 CEDEX 2,Rungis
Cherokee,062,,Chunjiang
Wayridge,4835,4801,Bunog
Atwood,648,366605,Zakan-Yurt
Thompson,586,48400-000,Ribeira do Pombal
Little Fleur,764,6538,Palompon
Crescent Oaks,06,852-8005,Nagasaki-shi
Dovetail,6,,Wagini
Forest,97236,,Jincheng
Autumn Leaf,045,04015,Zaragoza
Sunbrook,702,9680-505,Ribeira das Taínhas
Bobwhite,9783,ZBG,Imġarr
Garrison,1310,951017,El Retorno
Debs,43720,45630-000,Itajuípe
Badeau,23,86156,Augsburg
Lerdahl,9232,,Sīnah
Stephen,4,,Colca
Forest Dale,624,2137,Bukhovo
Red Cloud,25,,Embi
Truax,38,399903,Chaplygin
Butternut,3,,Tinumpuk
Valley Edge,21,73110,Sam Phran
Cherokee,78939,,Az Zuwaytīnah
Columbus,3,,Ar Raqqah
Kensington,66607,,Wakapuken
Parkside,21647,,Gaoqiao
Marcy,198,,Paghmān
Dawn,48326,90831,Long Beach
Sugar,77,58501,Punkaharju
Sage,66950,17000-000,Bauru
Hoffman,176,7020,Aurora
Crest Line,1353,,Serere
Lawn,72848,2380,Slovenj Gradec
3rd,54838,,Sentul
Golf,17281,,La Goulette
Ruskin,359,,Tailing
Gerald,76,,Dukuh
Lakewood Gardens,82467,40323,Prelog
Mandrake,2062,45218,Cincinnati
Schiller,54,,Hezhang
1st,3492,,Jihui
East,7469,590 14,Boxholm
New Castle,1,,Nunmanu
Starling,6461,442-0889,Kozakai-chō
Sunfield,7,,Kassala
Hovde,84,92174 CEDEX,Vanves
Sauthoff,36404,5120-105,Chavães
Vahlen,16032,,Luoxiong
Magdeline,838,,Yangzi
Northridge,950,,Banī Khallād
Sycamore,61447,3319,Dordrecht
Dayton,1585,61890-000,Guaiúba
Schurz,2,,Xiwanzi
Elgar,99272,,Mensalong
Dahle,56,542 35,Velké Svatoňovice
Dexter,790,,Ngurore
Cherokee,0393,68445-000,Barcarena
Judy,6,60230,Kao Liao
Leroy,8,,Yinyang
Roxbury,6075,,Libofshë
Morrow,352,173501,Volkhovskiy
Spaight,44,162510,Kaduy
Fairview,19134,,Sanyang
Fuller,77433,55530,Yeşilköy
Talmadge,77637,35620-000,Abaeté
Katie,34,,Kowingir
Fairview,70960,6305,Dimiao
Bayside,8502,,Echeng
Leroy,2538,,Longbei
Center,63,,Madala
Ilene,52439,,Trinidad
Mockingbird,00,,Putatbasiun
Fallview,39117,165340,Vychegodskiy
Eagan,7824,,Ngantru
Beilfuss,3,,Qintong
Waubesa,129,75260,Dallas
Evergreen,857,142817,Kotlovka
Brickson Park,3855,85260,Scottsdale
Morrow,204,,Elaiochóri
Mayer,9,,Caijiang
Pankratz,97,97240,Portland
Green,3079,,Ghazni
Scofield,2,31402,Semeljci
Erie,64,13670-000,Santa Rita do Passa Quatro
Old Gate,2958,3707,Almaguer North
Weeping Birch,9,162176,Ust’-Kut
Ryan,90223,V8C,Kitimat
Oak,3043,,Curuggoong
Waywood,8,,Pandansari
Thierer,82377,27-530,Ożarów
Moose,9,,Dusun Tengah Cihaurbeuti
Armistice,6,3500,Berkovitsa
Petterle,7761,65215-000,Viana
Leroy,91,,Bantul
Warbler,121,671732,Novyy Uoyan
Marcy,7,4709,Santa Magdalena
Delladonna,446,9700-406,Raminho
Corry,485,13220,Bang Pahan
Reinke,5380,,Rouyuan
Ridgeview,1,42-680,Tarnowskie Góry
Judy,4,,Auna
Rieder,162,MD-5040,Floreşti
Milwaukee,5,89250-000,Jaraguá do Sul
Mandrake,529,1427,Sugcad
Badeau,87,,San Marcos de Colón
Bobwhite,5,,Shancheng
Summit,5,,Asamboka
Toban,10,32825,Orlando
Briar Crest,80389,,Sanjiang
Green Ridge,5,,Shigu
Hoard,13,606084,Smolino
Porter,6588,66-120,Kargowa
Dahle,5,4520-525,Sanfins
Grasskamp,76313,5712,Pandan
Aberg,4,41918,Klang
Meadow Valley,86333,,Huangtian
North,8318,57052 CEDEX 02,Metz
Elgar,44178,,Kulia Village
Petterle,8481,,Fanrong
Little Fleur,71380,89560-000,Videira
Dexter,44000,,Campechuela
Oxford,0376,,Beiguoyuan
Roxbury,4771,,Lunang
Fisk,42,,Greenland
Steensland,63731,,Zouma
Chinook,56,4618,El Colorado
Forster,4618,,Qiulu
Schlimgen,7,,Wenxi
Bay,7,E4G,Viking
Petterle,02,38-324,Siedliska
Briar Crest,7,,Quận Năm
Hallows,9,,Mabai
Southridge,5503,33064,Pompano Beach
Bultman,44,,Sendung
Sugar,277,,Xinfang
Rutledge,81,,Mórrope
Buell,672,,Umm Sa‘īd
Maple Wood,66,969-6522,Miyako
Ludington,1291,606930,Pizhma
3rd,95,,Savran’
Truax,17703,,Nam Sách
Merchant,28032,661 24,Säffle
Spohn,8,628126,Priob’ye
Talisman,78415,,North Side
Gina,69,,Qŭrghontepa
Hooker,2208,,Ngepoh Kidul
Westerfield,43860,9760-016,Agualva
Karstens,78,,Sitabamba
Pleasure,00,,Sukamulya
Banding,9,,Moche
Mifflin,220,8229,Lelystad
Twin Pines,4,2423,Радовиш
Springs,0,,Kushar
Stang,2500,4336,Infanta
Pond,96652,65950-000,Barra do Corda
Oakridge,04,859-0413,Isahaya
Havey,74126,,Shiyun
Moose,010,,Yuanyang
Bultman,268,2425-681,Lagoa
Talmadge,87319,231 91,Trelleborg
Merry,170,249406,Lyudinovo
Manufacturers,1,853-0704,Fukuechō
Bashford,9729,689400,Rossosh’
Scoville,1,,Lengshuitan
Westport,556,,Sitabamba
Colorado,1,,Kyegegwa
Toban,18219,181 36,Lidingö
Bartelt,4,13205,Syracuse
Boyd,360,39236,Jackson
Maryland,6,,Jiangcun
Anthes,9529,,Dongguan
Lillian,70,83300,Draguignan
Russell,80989,,Visoko
Jenifer,51772,,Lávara
Heath,6817,4010,Basel
Vera,965,,Lima
Westerfield,725,8230,Mokronog
Dakota,8,4501,Anuling
Dakota,52700,92165,San Diego
