telNumber,mobileNumber,email
+62 960 856 4681,+33 367 507 9593,sglaves0@soundcloud.com
+595 461 494 2330,+375 640 881 9041,chayen1@scientificamerican.com
+84 908 905 6572,+48 895 852 6283,anewberry2@bravesites.com
+66 868 665 6853,+7 104 745 2502,cweblin3@buzzfeed.com
+48 540 849 2856,+55 429 285 3707,lavramovic4@xinhuanet.com
+46 805 768 8079,+351 720 778 7738,vnesbitt5@cornell.edu
+1 145 103 4520,+86 242 669 2632,bwatts6@geocities.jp
+86 235 929 9138,+1 384 445 0713,tbirley7@europa.eu
+62 878 687 3721,+62 719 325 1248,tluxen8@utexas.edu
+229 865 557 3492,+54 332 117 5115,dbranno9@walmart.com
+351 769 742 9116,+46 511 705 4152,bborthea@rambler.ru
+63 389 650 7871,+62 697 959 3758,dsneddenb@yahoo.co.jp
+86 932 332 6842,+86 956 380 3361,mboxenc@weather.com
+86 755 514 0623,+62 670 845 1169,hnoded@uiuc.edu
+55 179 672 4715,+86 722 386 5304,wsappe@howstuffworks.com
+58 184 656 7973,+7 282 312 4123,znialf@dropbox.com
+55 988 687 0491,+55 580 899 5047,gallonbyg@cnet.com
+86 477 103 5708,+63 508 826 9219,hbrugdenh@t.co
+63 839 255 8921,+62 941 450 5070,sabramovicii@opera.com
+224 862 975 0106,+86 335 971 3829,dsandalj@posterous.com
+62 916 967 4873,+58 868 359 4883,gbrittlesk@umn.edu
+48 737 464 0142,+351 772 851 0569,nsaturleyl@taobao.com
+62 392 429 8789,+351 257 463 6024,egeroldom@adobe.com
+7 702 118 1955,+62 157 251 8922,ecurpheyn@list-manage.com
+260 692 449 3330,+86 483 421 6249,acomberbeacho@mozilla.org
+62 355 854 6231,+62 126 226 4827,jpingstonep@google.it
+353 597 375 5895,+251 931 360 5375,ysteelsq@bluehost.com
+86 150 391 7870,+226 618 554 5846,sgreganr@rambler.ru
+63 585 308 2420,+62 944 476 9420,cstivenss@bloglines.com
+1 305 662 8056,+62 898 399 7996,wreadheadt@rakuten.co.jp
+1 918 193 3788,+358 656 129 9658,vhulseu@newsvine.com
+62 799 845 4641,+62 157 776 4330,cacomv@abc.net.au
+48 615 704 7363,+976 392 620 8631,clegierw@army.mil
+86 476 821 4583,+351 355 284 2689,jaldissx@nytimes.com
+46 866 429 9540,+86 915 281 5103,fbriky@youku.com
+81 707 344 1172,+63 607 190 2617,oriallz@princeton.edu
+86 551 161 5190,+55 160 176 7747,sodreain10@si.edu
+62 749 807 5293,+51 741 106 2884,cwalne11@mayoclinic.com
+593 772 951 0118,+55 163 912 1360,tspatig12@amazon.com
+359 315 847 7659,+7 989 272 8972,ddingley13@privacy.gov.au
+252 847 346 3176,+351 493 843 9482,fvonasek14@engadget.com
+380 904 901 6680,+81 486 527 0902,fsmithyman15@google.nl
+970 236 149 1359,+7 979 374 1300,csurcomb16@com.com
+62 492 226 6770,+7 826 611 2906,tcogdell17@ox.ac.uk
+7 706 699 6349,+33 620 934 9916,fcatlow18@freewebs.com
+86 325 504 0095,+420 711 161 7230,fkoene19@paypal.com
+86 924 852 7442,+86 740 163 7025,kharteley1a@furl.net
+86 159 482 3855,+1 718 176 4585,mstanislaw1b@liveinternet.ru
+98 362 707 2479,+7 551 917 8359,droll1c@exblog.jp
+358 400 613 6801,+56 181 898 5143,tdunge1d@weebly.com
+507 764 820 0781,+7 527 313 6899,nbonnyson1e@scientificamerican.com
+967 219 571 2674,+216 918 234 8457,lcastree1f@fotki.com
+86 426 853 2475,+55 858 743 1239,lpaler1g@blogtalkradio.com
+86 561 174 1509,+57 289 207 9982,shertwell1h@amazonaws.com
+55 621 271 5540,+420 786 587 7927,xnarramor1i@ox.ac.uk
+212 199 704 3231,+229 415 557 1027,sburnitt1j@icio.us
+55 220 340 3199,+7 362 989 1875,efedder1k@github.io
+86 893 650 8626,+420 575 936 1707,tfrancillo1l@odnoklassniki.ru
+62 890 889 8289,+54 761 797 2998,tdillaway1m@ning.com
+56 891 883 9970,+51 367 350 3781,ktorr1n@aol.com
+7 418 768 6595,+62 952 663 4308,kdiviny1o@archive.org
+54 795 493 8471,+351 937 863 5078,mchisolm1p@pen.io
+54 112 118 3021,+420 856 224 5470,egudyer1q@51.la
+62 405 487 5863,+46 939 294 2589,ghestrop1r@mayoclinic.com
+86 833 119 4455,+86 672 565 7953,jkidstoun1s@gmpg.org
+261 186 881 8863,+1 754 775 1621,amagee1t@domainmarket.com
+62 366 566 4607,+86 298 549 2207,gcorter1u@businessinsider.com
+48 825 518 3907,+92 518 900 1934,tgamell1v@123-reg.co.uk
+62 123 332 6120,+62 592 331 3823,sdelos1w@linkedin.com
+46 853 434 0562,+63 338 906 1654,hsteven1x@webs.com
+1 915 255 8472,+62 530 126 9895,bpendrigh1y@mlb.com
+1 702 750 8469,+55 991 196 3904,lginger1z@ycombinator.com
+86 159 387 0794,+81 567 279 4655,amoyers20@xrea.com
+81 610 571 1992,+51 876 173 4642,esporner21@nbcnews.com
+62 255 966 8643,+261 924 106 2773,jmaddaford22@hatena.ne.jp
+1 203 534 3560,+1 912 815 7790,swallage23@amazon.co.uk
+86 694 351 2447,+63 680 170 0978,bgland24@senate.gov
+86 564 679 5503,+62 665 557 4744,cmelbert25@mysql.com
+62 413 150 6168,+62 347 821 3421,lilewicz26@blogtalkradio.com
+62 862 443 4981,+63 715 234 6634,braunds27@soup.io
+86 840 618 2322,+506 149 262 0021,awoodfin28@alibaba.com
+62 519 805 5535,+46 626 105 6717,abulloch29@bigcartel.com
+55 651 283 0370,+86 682 139 9067,jaldersey2a@psu.edu
+33 145 276 4155,+57 177 815 1181,hferie2b@mashable.com
+358 752 406 4914,+81 185 739 6658,dchaudrelle2c@examiner.com
+63 309 344 4118,+502 163 277 0231,orabier2d@flavors.me
+86 465 631 3254,+62 870 114 5551,fbrome2e@gov.uk
+7 444 126 9284,+86 434 637 2421,ksuttaby2f@apple.com
+62 744 215 5360,+234 666 843 7774,mmaund2g@jugem.jp
+55 603 824 6208,+507 485 761 2646,jswetenham2h@drupal.org
+353 548 908 9595,+86 344 239 5075,rdinesen2i@prlog.org
+351 188 197 1383,+33 322 868 2488,eryle2j@engadget.com
+52 593 640 7710,+976 651 617 8653,stassaker2k@ihg.com
+33 317 375 7185,+963 119 795 5735,kkillen2l@ow.ly
+86 997 501 7790,+81 724 698 3712,bperrat2m@fotki.com
+264 990 421 4766,+385 854 583 1478,afidgett2n@marketwatch.com
+1 303 502 7792,+52 863 742 6654,gscholte2o@nbcnews.com
+358 300 805 4756,+86 264 166 2504,thairon2p@wikipedia.org
+86 140 973 8403,+86 553 728 0681,cbillyeald2q@soup.io
+1 719 454 7841,+86 727 975 2610,csends2r@constantcontact.com
+63 515 440 4014,+62 512 673 5167,lbealing2s@buzzfeed.com
+62 117 409 0267,+86 485 844 3161,mpettigrew2t@joomla.org
+267 877 286 3482,+976 140 730 6669,dconradie2u@zdnet.com
+66 662 261 3283,+86 327 576 0890,bdrinkel2v@dagondesign.com
+44 792 379 6660,+58 618 919 4780,pvonhelmholtz2w@youtu.be
+55 322 609 9203,+380 821 888 1809,bseden2x@usda.gov
+62 309 533 1065,+212 162 703 0966,lwharton2y@ycombinator.com
+380 606 519 8580,+86 666 838 5556,hnolli2z@shutterfly.com
+86 920 980 6143,+1 379 128 3694,tgueinn30@liveinternet.ru
+251 349 624 0799,+49 832 962 9318,kvasilchenko31@meetup.com
+86 421 223 8448,+63 641 813 8736,bpitblado32@scientificamerican.com
+252 885 170 6021,+86 433 352 5958,flaker33@skype.com
+967 836 782 9166,+55 260 951 4626,lkoschek34@hibu.com
+7 246 281 7224,+86 999 841 1099,xsutherel35@ehow.com
+57 913 537 3538,+353 583 132 5907,kmulroy36@cdc.gov
+389 846 943 0247,+351 327 778 9161,fbevar37@jalbum.net
+7 552 299 9522,+1 485 500 2626,cdegoix38@tuttocitta.it
+54 850 338 9232,+63 195 790 5383,jsidebotton39@nyu.edu
+48 721 830 8688,+63 830 755 0948,wchatten3a@yolasite.com
+86 947 757 4042,+86 803 605 3962,hbroggetti3b@jigsy.com
+55 109 840 6523,+351 333 124 6149,mperrot3c@soundcloud.com
+62 839 787 3592,+86 112 773 5565,mcodron3d@comsenz.com
+55 472 192 4416,+86 852 118 3460,jtopley3e@oakley.com
+55 506 616 1466,+56 749 676 4731,tdimberline3f@vinaora.com
+351 643 898 4352,+591 764 772 3956,vorringe3g@jugem.jp
+249 448 449 4479,+48 997 321 9373,sbuey3h@hubpages.com
+974 331 879 1847,+86 416 117 5159,rfalconer3i@purevolume.com
+55 821 117 3020,+86 254 450 6786,pgingles3j@xrea.com
+54 826 856 3177,+86 192 803 1723,lbernaldo3k@ifeng.com
+63 665 901 7075,+63 437 874 3656,mwinchester3l@netscape.com
+502 899 852 1664,+66 102 237 6468,cjosum3m@boston.com
+380 935 276 3586,+66 391 886 4099,rmenary3n@google.com.hk
+63 886 513 4978,+51 827 609 2592,kredemile3o@twitpic.com
+385 764 778 2128,+351 681 172 2614,sjaram3p@cafepress.com
+7 652 126 4089,+55 764 679 3400,aelwel3q@accuweather.com
+86 782 864 0786,+261 857 375 4682,dhirthe3r@cnn.com
+46 582 645 6679,+1 208 629 3906,ftrevascus3s@wired.com
+86 380 400 3145,+62 490 631 0276,pblare3t@usda.gov
+7 339 980 6097,+55 275 239 0776,wstorks3u@wisc.edu
+380 640 106 8018,+62 278 755 6399,ygrimwade3v@washingtonpost.com
+30 346 373 5270,+86 903 781 1140,sniles3w@un.org
+86 438 737 0503,+86 434 598 5173,hedgett3x@bigcartel.com
+86 604 479 2124,+380 932 692 7072,atournie3y@vinaora.com
+976 303 752 8151,+86 862 519 6725,hphillcock3z@ihg.com
+298 101 521 6323,+55 542 650 2623,acrathorne40@opera.com
+7 137 407 7576,+46 717 743 8405,hmolines41@usnews.com
+92 612 162 7043,+420 448 393 8788,mbrunker42@blogger.com
+371 767 317 1716,+33 965 815 5389,amenaul43@loc.gov
+258 453 562 8305,+380 951 265 6859,mheadly44@privacy.gov.au
+7 136 246 2934,+1 560 588 2428,sdillow45@shutterfly.com
+967 966 164 4320,+370 779 851 0681,sgascoyen46@examiner.com
+51 622 176 7740,+381 584 179 9784,clead47@aboutads.info
+371 749 462 2832,+60 708 985 4545,dgauden48@sogou.com
+7 853 999 1669,+1 314 208 1875,gdavies49@ebay.com
+86 113 693 8483,+970 687 491 5374,eterese4a@dagondesign.com
+62 697 786 7915,+86 538 584 6678,etyre4b@jiathis.com
+55 655 551 5102,+86 835 239 2895,npyne4c@woothemes.com
+62 363 484 2495,+30 922 898 3969,aheaffey4d@is.gd
+86 817 867 8788,+351 832 670 0870,ablackhurst4e@ucla.edu
+51 687 987 7834,+33 536 889 7769,nshemilt4f@nydailynews.com
+63 635 781 4310,+27 378 715 4088,bhayfield4g@google.co.jp
+7 225 572 8977,+63 236 441 1249,mheritege4h@bloomberg.com
+385 305 853 8626,+62 963 731 8446,rbulford4i@cdc.gov
+381 462 607 0907,+63 225 783 3659,cmendel4j@geocities.jp
+351 773 789 7037,+54 402 472 2335,chorry4k@pbs.org
+62 452 426 2727,+62 218 801 3960,phawking4l@desdev.cn
+55 790 306 3336,+7 607 706 2953,dpollack4m@unesco.org
+963 408 961 5732,+7 217 849 3147,fburgot4n@wp.com
+46 376 704 3409,+63 320 218 9188,tbasham4o@time.com
+51 423 809 0944,+970 975 296 0256,lswiffan4p@hibu.com
+86 244 340 5092,+55 337 286 6746,rsmidmoor4q@paypal.com
+86 774 306 1891,+63 458 664 5323,mvasiltsov4r@ucoz.ru
+52 604 122 7617,+51 824 883 9098,cgisbye4s@w3.org
+420 131 466 4857,+63 239 387 5247,efullicks4t@time.com
+971 226 769 7019,+62 153 756 3828,clemonnier4u@jalbum.net
+63 573 532 7004,+501 733 856 4442,ftorrese4v@over-blog.com
+63 341 775 8504,+385 775 144 6632,yfairley4w@time.com
+81 143 758 7883,+62 747 958 6574,tdyott4x@cbslocal.com
+86 981 824 6590,+1 597 685 3334,tskilton4y@gnu.org
+850 573 772 1945,+64 502 855 4611,lcourtes4z@discovery.com
+591 901 198 9458,+53 206 434 5782,shenzley50@aol.com
+48 849 234 2313,+62 438 422 3042,amowle51@marriott.com
+62 524 223 0565,+86 506 137 9761,ayounghusband52@cyberchimps.com
+63 463 117 8308,+420 815 711 7553,fpickle53@tiny.cc
+505 229 870 7249,+251 936 208 9217,akeilloh54@macromedia.com
+1 313 420 6300,+34 246 230 4294,dhatherleigh55@addthis.com
+51 604 682 1766,+34 362 942 1311,pchaunce56@vistaprint.com
+52 684 586 8183,+963 308 365 7561,jannatt57@w3.org
+62 349 221 9775,+86 779 537 4796,lbratton58@spiegel.de
+351 403 840 1997,+48 287 780 4877,vjedraszek59@wufoo.com
+86 361 398 6604,+1 409 853 1148,dhalloway5a@ucla.edu
+218 609 347 6322,+63 566 376 3019,amatteoli5b@mozilla.org
+55 784 139 0124,+54 259 872 5114,ofortie5c@yolasite.com
+86 260 599 7553,+351 116 591 4382,uleathe5d@state.tx.us
+387 384 105 9510,+63 946 481 2329,dharg5e@dion.ne.jp
+62 599 355 5086,+48 988 939 6320,nmcvittie5f@wiley.com
+880 146 276 4793,+48 708 300 3592,ebarrable5g@japanpost.jp
+62 655 654 8859,+1 941 574 9807,rgutans5h@dion.ne.jp
+63 735 152 8318,+86 683 100 3660,tlitzmann5i@1und1.de
+504 880 593 9236,+7 683 332 7122,cwoodhead5j@shutterfly.com
+86 362 626 3407,+81 298 656 6218,nhatchette5k@arstechnica.com
+86 783 424 6384,+967 453 412 8012,gtrigwell5l@e-recht24.de
+62 757 444 4046,+598 228 390 2909,asesser5m@guardian.co.uk
+86 541 258 8789,+86 518 798 9314,asuttell5n@oaic.gov.au
+221 866 809 9436,+389 892 950 7046,sudall5o@house.gov
+62 582 232 2693,+51 912 792 7272,swilkes5p@marriott.com
+52 351 584 6340,+33 678 159 8831,sdinsdale5q@unicef.org
+381 811 180 5016,+48 964 212 1831,rgreet5r@purevolume.com
+62 854 671 2990,+86 478 356 9581,apool5s@dell.com
+81 774 865 8512,+62 430 156 2473,oloins5t@github.com
+855 463 449 7568,+81 923 566 9744,vmead5u@meetup.com
+420 808 250 7727,+62 963 445 3521,epalatino5v@bizjournals.com
+30 242 774 9581,+86 551 401 9422,aginger5w@vkontakte.ru
+1 971 749 2544,+48 834 826 3219,ecregan5x@wsj.com
+63 158 568 9709,+1 540 824 4801,fschirok5y@plala.or.jp
+81 610 235 4998,+62 353 583 1720,cuphill5z@bing.com
+33 711 514 6249,+86 595 903 2437,sdavers60@photobucket.com
+7 394 165 3281,+55 867 812 2285,vaugustine61@narod.ru
+234 212 278 0531,+1 657 373 6210,ebergeon62@soup.io
+267 457 668 4875,+1 848 232 5559,bmarfell63@msn.com
+255 293 577 1772,+62 747 437 7681,gpepi64@123-reg.co.uk
+86 636 612 9586,+351 329 233 8507,wmerrilees65@msn.com
+963 811 536 8183,+1 151 117 8000,agravatt66@cnn.com
+27 579 608 7876,+381 826 303 1763,jklassman67@feedburner.com
+1 915 928 1231,+993 326 886 1494,bstenhouse68@opera.com
+507 299 345 0164,+63 876 291 9703,gagus69@indiegogo.com
+57 734 421 9164,+62 870 811 1250,dgouly6a@cdc.gov
+62 233 729 4516,+53 535 997 5537,gkenright6b@psu.edu
+1 463 150 7883,+1 314 361 6310,ndidello6c@rakuten.co.jp
+33 266 254 0639,+1 626 534 8419,rcovert6d@blinklist.com
+62 657 331 8910,+55 836 780 7671,hmaben6e@irs.gov
+55 159 203 2447,+86 408 381 5959,cbrumble6f@ovh.net
+86 630 400 3692,+62 696 307 8094,hdupoy6g@princeton.edu
+62 323 542 2588,+86 936 507 4452,amilella6h@amazon.co.jp
+62 466 811 7048,+51 114 268 5417,njakoubec6i@unc.edu
+86 988 688 5637,+81 220 380 3162,mstronack6j@exblog.jp
+63 827 116 3422,+86 645 131 5825,wcuss6k@google.cn
+1 205 881 4870,+62 843 468 5465,kmcgillivrie6l@uiuc.edu
+1 110 992 1966,+967 804 367 6102,sjunkison6m@arizona.edu
+234 434 918 6662,+86 227 876 8119,isoutherell6n@behance.net
+48 587 875 5758,+251 555 185 6129,esawdon6o@virginia.edu
+996 939 132 7245,+81 989 962 3320,skolyagin6p@cdc.gov
+30 964 693 8267,+63 996 792 8520,bnelligan6q@gravatar.com
+63 296 136 7881,+351 802 442 9211,ldietzler6r@wix.com
+48 868 518 5679,+86 941 360 0833,sshill6s@symantec.com
+86 701 334 4932,+389 287 444 6927,bgoodnow6t@miibeian.gov.cn
+63 454 296 5573,+86 801 781 9192,bwhellans6u@blinklist.com
+7 939 626 2944,+98 407 280 7324,rcouttes6v@t-online.de
+55 239 414 3531,+358 414 843 7550,mpenchen6w@jigsy.com
+48 512 944 5573,+86 884 475 5045,ehailes6x@jiathis.com
+86 327 224 8185,+33 275 753 8707,phalden6y@instagram.com
+30 430 972 6612,+86 214 649 9460,odumper6z@cisco.com
+86 938 218 2123,+56 111 393 8567,jaltree70@histats.com
+48 198 687 9361,+44 829 499 7616,aleworthy71@cam.ac.uk
+260 360 661 8388,+54 838 232 9280,kdahlback72@yelp.com
+856 915 437 6374,+351 317 754 4588,afownes73@desdev.cn
+506 272 142 5383,+86 634 698 2414,bpetschelt74@unicef.org
+54 589 922 5616,+86 223 459 3051,mlinfoot75@livejournal.com
+976 646 759 5483,+54 577 347 5882,tpiggin76@webeden.co.uk
+48 304 453 2438,+963 836 608 4647,bgoodhand77@smh.com.au
+234 503 349 8328,+62 270 710 7713,evigers78@patch.com
+234 667 825 4478,+351 129 660 5182,khiggoe79@mlb.com
+967 522 391 4219,+33 369 900 7259,tlambal7a@shinystat.com
+86 509 970 3658,+86 492 909 0353,snormandale7b@cyberchimps.com
+374 192 493 8795,+598 520 545 1951,jsambles7c@slideshare.net
+237 579 100 0107,+51 256 691 6908,vgyenes7d@woothemes.com
+63 796 893 8115,+62 697 925 4646,tgillebert7e@surveymonkey.com
+81 533 691 6141,+373 729 508 5566,nsailor7f@google.fr
+86 210 415 1077,+380 718 685 3378,rhoulison7g@shop-pro.jp
+63 701 698 9425,+66 530 445 9885,hholbie7h@xrea.com
+351 879 451 8180,+7 172 132 3139,wgaither7i@fotki.com
+57 298 983 3150,+373 453 755 7414,smarkham7j@360.cn
+62 180 423 2754,+46 611 855 1176,lcoop7k@europa.eu
+48 184 780 1075,+420 205 631 8192,hlitel7l@discuz.net
+86 449 463 1740,+62 274 703 9142,pwakeman7m@unicef.org
+63 917 580 7700,+86 859 443 8635,svannoort7n@gov.uk
+55 992 249 4679,+86 250 977 4088,hborge7o@archive.org
+261 294 665 2032,+963 172 324 3177,knestor7p@sun.com
+251 512 563 9249,+86 770 497 6365,wdenisevich7q@intel.com
+998 330 426 2325,+506 771 406 2590,vsims7r@nifty.com
+351 845 156 0109,+62 423 832 9173,hcrowdy7s@redcross.org
+55 110 715 2205,+93 682 541 3798,tboothebie7t@photobucket.com
+86 878 233 8241,+86 124 499 6054,eswenson7u@51.la
+352 955 299 0282,+55 849 401 5314,aalbro7v@wordpress.com
+380 292 158 4022,+351 939 195 2805,agoulthorp7w@digg.com
+996 713 881 9822,+33 175 318 0384,dvennard7x@artisteer.com
+372 829 735 7770,+7 425 392 2878,tscales7y@answers.com
+86 497 226 7611,+33 148 561 9940,mtribell7z@merriam-webster.com
+62 766 189 6067,+420 155 999 1622,rcesco80@ucsd.edu
+63 496 626 8837,+263 469 176 3092,escimonelli81@timesonline.co.uk
+251 434 573 3842,+86 968 935 5045,sshakespear82@google.com.br
+381 453 337 2496,+255 365 194 6006,cgermain83@tiny.cc
+7 687 208 5706,+62 407 120 9919,ahuckerby84@va.gov
+1 117 291 1347,+55 907 984 7371,lwestcot85@ucsd.edu
+46 398 948 5424,+86 896 214 3495,gmcgilleghole86@pagesperso-orange.fr
+62 994 762 6324,+359 616 674 2265,mbelle87@about.me
+380 826 896 8885,+7 220 884 1136,mgascoyne88@statcounter.com
+299 618 384 4915,+55 204 564 1176,mhickford89@usa.gov
+971 609 578 8391,+60 176 804 7992,rheis8a@army.mil
+351 349 392 3390,+48 986 364 4327,sbrickham8b@studiopress.com
+51 691 385 5710,+380 282 603 1668,rshasnan8c@canalblog.com
+98 616 983 3817,+62 857 799 6354,gmellhuish8d@ca.gov
+48 442 793 7937,+82 469 176 4791,tstainton8e@va.gov
+55 537 457 7253,+63 905 622 0282,maujouanet8f@jigsy.com
+506 787 868 8425,+370 225 398 6611,bhainey8g@reuters.com
+380 450 477 6896,+380 689 886 3543,ystennine8h@odnoklassniki.ru
+86 385 399 3751,+33 223 885 0043,dplane8i@baidu.com
+7 999 339 9415,+55 573 429 1260,ewatchorn8j@spotify.com
+976 585 888 9811,+54 263 676 6097,bdeclerk8k@smh.com.au
+31 124 253 2244,+962 667 107 0232,cgheorghie8l@adobe.com
+63 965 139 8784,+7 726 294 0151,zrenn8m@lycos.com
+54 745 908 3573,+387 106 537 4144,gboone8n@xinhuanet.com
+58 447 237 8983,+66 708 524 3075,clefwich8o@netlog.com
+52 746 104 0837,+55 984 591 2783,lsackey8p@who.int
+86 497 274 9512,+46 901 731 0906,nbelsher8q@dropbox.com
+86 218 891 6501,+81 191 952 7153,dmizzi8r@wunderground.com
+62 776 472 4263,+33 410 356 2533,eglyn8s@opensource.org
+33 683 579 5325,+255 665 463 5353,tulyat8t@simplemachines.org
+33 265 224 8636,+86 691 508 5551,dlovart8u@feedburner.com
+1 718 141 4645,+977 438 364 4231,mmclane8v@google.com.au
+225 438 253 9490,+86 706 461 1883,sshemilt8w@redcross.org
+66 945 781 2303,+261 455 834 8004,telecum8x@1und1.de
+46 952 749 3398,+1 214 764 0019,wdood8y@sciencedirect.com
+86 981 164 4561,+86 446 444 3399,gdoick8z@sourceforge.net
+351 339 869 8929,+98 192 835 5164,ameas90@amazon.de
+62 583 817 0443,+86 349 279 7269,ioldknow91@netlog.com
+86 287 329 3551,+86 945 507 7903,rghiriardelli92@usgs.gov
+231 430 382 7774,+1 937 700 3252,mmedlicott93@patch.com
+34 274 956 6856,+48 221 316 8640,mgethin94@wikia.com
+62 940 285 3880,+30 375 713 6046,kfrancie95@hhs.gov
+81 344 986 0481,+375 585 385 4919,ospurrier96@chicagotribune.com
+63 532 348 0672,+86 292 892 4841,fseefeldt97@joomla.org
+86 690 527 8567,+234 804 398 1550,mtowell98@ebay.co.uk
+86 914 131 5673,+86 569 873 9005,africkey99@privacy.gov.au
+62 280 762 3160,+261 345 873 4289,bmarchent9a@unesco.org
+98 896 433 6132,+55 163 743 1050,tyurchishin9b@indiegogo.com
+380 427 585 6560,+86 879 420 7550,fbailey9c@ycombinator.com
+380 173 503 8213,+380 678 648 6986,ngerdts9d@wikia.com
+86 430 194 6642,+48 734 162 5836,dbattrick9e@skype.com
+7 798 909 8308,+351 931 663 6645,mswinfon9f@ow.ly
+57 523 552 4925,+30 559 123 8317,josorio9g@godaddy.com
+976 323 263 1428,+33 207 204 6820,etofanini9h@blogger.com
+86 285 816 4630,+63 515 944 5908,mhare9i@eepurl.com
+52 370 108 9685,+220 983 895 8217,gfaustian9j@xrea.com
+30 363 131 1863,+7 854 912 0257,ocunnah9k@opera.com
+84 888 785 3615,+48 487 290 2391,skarchewski9l@adobe.com
+62 272 417 0255,+86 636 217 2605,dwhapple9m@51.la
+66 511 767 4639,+48 710 446 1639,bdermott9n@abc.net.au
+53 445 321 6399,+48 108 720 4938,wstorry9o@histats.com
+351 127 460 0788,+223 677 769 6676,cvanderweedenburg9p@instagram.com
+62 439 695 4268,+56 435 558 6359,nwrightson9q@smh.com.au
+54 346 241 3480,+7 934 877 8450,aenston9r@eventbrite.com
+353 703 679 3540,+7 503 419 6159,mthunnerclef9s@moonfruit.com
+994 312 850 2973,+55 972 399 0101,rmowsdill9t@businessinsider.com
+381 693 618 8644,+86 979 995 1776,eprayer9u@desdev.cn
+48 307 241 3625,+86 237 450 4190,hgeist9v@istockphoto.com
+86 344 813 7929,+63 770 606 2989,pantecki9w@cbslocal.com
+86 420 991 2211,+385 766 871 6426,isprott9x@uol.com.br
+62 541 775 4635,+62 229 750 6715,dhughes9y@hp.com
+681 434 941 4305,+62 772 607 5228,gbewlay9z@washingtonpost.com
+86 521 970 6346,+86 331 698 8237,latlinga0@statcounter.com
+7 676 202 9626,+60 129 106 1778,jgiorgionea1@dmoz.org
+998 271 780 9384,+46 880 159 8086,dwevella2@nba.com
+63 763 918 6818,+63 630 549 1725,smowsdella3@netlog.com
+62 878 166 8818,+86 112 894 1890,rolletta4@telegraph.co.uk
+976 648 245 5815,+86 666 967 1748,jlambdeana5@acquirethisname.com
+48 948 951 5554,+62 421 438 5362,mmctaggarta6@chronoengine.com
+86 855 202 2617,+7 317 121 6785,mbiasionia7@naver.com
+51 990 601 7227,+507 909 542 1202,avizora8@quantcast.com
+48 545 365 9650,+234 207 457 9293,jcrichmera9@ftc.gov
+86 942 560 8280,+33 606 204 5947,cgearaa@home.pl
+86 217 389 5627,+264 795 733 0631,jlenhamab@google.pl
+351 482 447 1154,+380 670 142 2830,lemansonac@instagram.com
+49 451 347 6108,+86 654 202 1280,mmacneillyad@baidu.com
+7 115 136 6192,+380 554 279 0149,cscotchbrookae@reuters.com
+977 964 748 2051,+1 916 571 3434,ecoateaf@cyberchimps.com
+254 453 522 9600,+1 212 353 8942,amettetalag@about.me
+62 919 759 9635,+86 921 687 0579,dtestroah@cbsnews.com
+81 772 126 5589,+385 906 672 1955,pfilderyai@cisco.com
+86 928 746 6298,+234 292 379 7011,cdockrillaj@ca.gov
+33 205 725 8987,+1 469 117 3380,rstrobanak@addtoany.com
+54 326 646 1888,+63 394 928 1863,schueal@yellowpages.com
+51 446 694 5185,+256 815 650 2494,amacsweenam@vk.com
+27 951 159 2186,+7 336 841 4121,taeryan@deliciousdays.com
+261 609 495 6287,+62 233 914 1009,rreeveleyao@wisc.edu
+380 815 802 5180,+86 673 308 9799,bforoap@theatlantic.com
+86 302 146 0632,+48 493 670 1423,kswantonaq@wordpress.com
+261 527 902 9554,+46 296 988 1115,wpolkinghornear@t.co
+1 412 606 9858,+62 357 560 7769,gduffellas@tamu.edu
+62 240 496 9707,+234 433 228 9510,jreyesat@woothemes.com
+30 768 994 8651,+227 193 803 4227,lrozsaau@upenn.edu
+62 139 865 5737,+254 116 251 0631,wcockremav@army.mil
+504 385 604 7648,+48 777 756 0122,mklosaaw@earthlink.net
+993 663 592 3314,+48 171 625 3395,klaneax@wsj.com
+86 860 971 6560,+62 245 575 1024,csmalecombeay@wsj.com
+374 783 941 1157,+51 916 329 1607,tmiereaz@tmall.com
+86 512 375 3234,+46 861 159 0227,spossellb0@dailymail.co.uk
+55 794 762 8307,+55 601 781 0428,tklimushevb1@independent.co.uk
+86 342 548 1476,+1 268 671 1294,cropckeb2@deliciousdays.com
+62 924 995 9718,+1 626 862 4376,bkeighlyb3@economist.com
+60 669 301 0793,+86 364 983 1907,brobionb4@de.vu
+33 868 865 7183,+221 622 549 9475,asprossonb5@google.co.jp
+967 138 358 5263,+62 268 899 8787,saingerb6@barnesandnoble.com
+62 191 517 6032,+375 674 406 8630,aklamptb7@multiply.com
+86 847 309 7624,+86 576 221 0309,irochb8@spotify.com
+54 564 783 0905,+33 913 877 1737,mwarlaweb9@ucoz.com
+54 130 327 1926,+7 131 383 6967,jcasassaba@bluehost.com
+7 330 948 2397,+62 663 323 6414,wfrainebb@fotki.com
+966 474 897 8387,+505 413 690 5573,bberrowbc@live.com
+351 297 697 5161,+45 166 968 9201,ibernibd@google.ca
+7 839 856 3635,+57 916 643 3742,mroxburchbe@squarespace.com
+54 433 959 3050,+86 665 908 9608,wmcfadebf@yolasite.com
+62 950 998 8116,+48 341 507 8002,rmargueritebg@reddit.com
+389 119 898 1088,+62 178 751 8484,bcampabh@biblegateway.com
+54 254 751 3816,+62 179 136 5158,bstobbebi@wisc.edu
+86 849 282 5774,+86 171 593 9690,sreppbj@oaic.gov.au
+98 868 809 3000,+62 207 307 0404,msiddelebk@wired.com
+62 456 195 3281,+373 159 924 1241,hgoncavesbl@msu.edu
+62 140 116 0450,+92 322 101 9116,fkemebm@aboutads.info
+58 798 639 6876,+1 757 984 9922,gmendesbn@hatena.ne.jp
+86 762 915 7870,+1 756 346 0240,kmacgiollabo@eepurl.com
+212 650 808 5464,+1 419 530 9968,wdebruijnbp@hugedomains.com
+86 941 381 8044,+51 219 757 9758,rfulbrookbq@kickstarter.com
+86 230 999 3530,+970 787 373 5059,ccombebr@phpbb.com
+359 687 985 7069,+62 169 695 8944,rcolebornbs@statcounter.com
+66 333 766 9217,+7 446 196 2744,dgwinbt@shinystat.com
+420 221 521 9631,+55 173 422 5943,cpharobu@ft.com
+1 407 571 2397,+86 646 643 5039,wdeybv@cafepress.com
+962 924 455 8619,+967 594 385 9918,orilstonbw@marriott.com
+86 153 959 8855,+84 941 256 1189,ccrotchbx@mashable.com
+7 643 507 7470,+385 962 491 6025,jstimpsonby@mozilla.org
+420 213 777 7673,+63 119 577 3900,mmilnesbz@pcworld.com
+7 635 613 1975,+1 657 551 7585,ddunkerkc0@marketwatch.com
+963 761 600 5436,+47 154 990 5279,sloughlanc1@shutterfly.com
+265 454 973 9589,+55 442 769 6005,hthorc2@sciencedirect.com
+505 367 934 1810,+86 864 119 4315,farborc3@meetup.com
+216 958 491 7825,+62 327 989 5414,dellerbeckc4@irs.gov
+86 657 953 9878,+420 727 364 3274,vjeenesc5@cdbaby.com
+351 444 779 4060,+380 150 424 8101,dcasierc6@free.fr
+62 297 131 6760,+502 901 942 3984,oeldrettc7@liveinternet.ru
+57 216 688 1892,+351 822 391 2477,rcoldicottc8@jiathis.com
+48 261 548 9995,+98 230 941 6454,mharsentc9@delicious.com
+966 382 498 9515,+420 120 511 1754,jsuggittca@tamu.edu
+33 992 211 3399,+46 512 632 1185,mwysoncb@fotki.com
+7 193 505 9298,+86 231 579 7911,smcreidycc@ning.com
+62 761 810 8936,+380 833 244 7149,whawksbycd@wunderground.com
+62 360 570 0273,+7 213 678 2737,afurleyce@cocolog-nifty.com
+1 617 954 5882,+86 870 923 5232,blabbetcf@mediafire.com
+244 884 134 9204,+7 205 324 0909,talmoncg@t-online.de
+1 155 330 3131,+86 845 904 7804,brobertsench@loc.gov
+93 811 865 9126,+7 144 438 7350,dgraysmarkci@sfgate.com
+86 639 331 2716,+98 338 986 5119,bmanifouldcj@ucoz.com
+86 955 838 8368,+45 296 983 6369,lgreyesck@businessinsider.com
+595 254 171 0767,+86 700 734 1256,elovekincl@paypal.com
+992 802 185 7065,+81 265 286 4885,rbwycm@webs.com
+47 296 535 5863,+84 566 272 9185,mlemonbycn@netvibes.com
+48 613 372 9721,+48 879 707 8541,sedlingtonco@hhs.gov
+62 374 947 2281,+63 886 592 9233,ldeaconsoncp@smugmug.com
+7 242 547 2764,+371 525 761 1949,cbickerstassecq@macromedia.com
+55 255 916 3460,+420 249 764 5675,rkestevencr@mlb.com
+7 586 555 2574,+7 338 699 4372,tgreghcs@rambler.ru
+502 804 867 2664,+502 896 853 5644,dlillicoct@blogspot.com
+62 161 306 9480,+62 426 381 1631,callboncu@army.mil
+7 830 943 7593,+380 193 848 0948,koferguscv@psu.edu
+7 442 223 5691,+30 898 979 3214,vjellybrandcw@technorati.com
+98 550 847 1714,+62 719 116 3392,lbremeyercx@dell.com
+359 768 462 2730,+86 613 311 1281,cworthingcy@scribd.com
+357 442 118 0245,+30 431 300 9117,ttiptaftcz@bbb.org
+62 195 528 0911,+34 493 297 7376,tveeversd0@comsenz.com
+86 808 872 5799,+7 703 392 7795,beverexd1@globo.com
+62 847 894 6394,+48 394 822 0846,eferrod2@nhs.uk
+62 154 594 3878,+86 983 360 5967,kgallacherd3@telegraph.co.uk
+1 587 821 3866,+84 908 318 8885,cmaydwayd4@cbsnews.com
+86 886 770 1474,+1 401 857 1888,forigind5@vk.com
+62 233 922 6186,+677 612 893 4522,dreddlesdend6@amazon.com
+92 114 900 5990,+420 478 965 0916,bgylesd7@independent.co.uk
+30 970 824 6397,+7 841 586 9239,atewkesberryd8@ezinearticles.com
+55 481 193 3500,+370 938 195 6245,dwinterbourned9@fc2.com
+55 677 998 9313,+48 276 469 2495,btregonada@npr.org
+86 224 351 1308,+51 337 843 8769,abartolicdb@cnbc.com
+81 801 878 4649,+31 291 489 6335,lblythedc@freewebs.com
+1 571 885 0299,+375 963 475 8728,nharrydd@youku.com
+380 564 670 1738,+1 585 690 5223,bwillmentde@typepad.com
+7 643 422 8502,+33 400 370 4937,vlinneydf@weebly.com
+60 168 172 7607,+351 109 503 0847,dpockeydg@walmart.com
+967 352 324 1242,+63 281 918 9138,feayresdh@craigslist.org
+93 901 637 6476,+241 188 342 2491,jgothliffdi@digg.com
+503 275 114 2911,+81 498 670 6124,bocanavandj@wunderground.com
+47 564 468 5833,+63 138 477 6089,aparmeterdk@bluehost.com
+420 840 304 2165,+62 524 569 8997,nraittdl@patch.com
+62 499 294 9422,+63 710 229 5954,ivilliersdm@samsung.com
+420 237 590 3272,+62 205 943 0901,mmckennandn@t.co
+84 603 244 2408,+33 602 654 8778,cadhamsdo@surveymonkey.com
+1 816 230 8529,+62 787 150 7800,pbartheldp@trellian.com
+62 753 313 3401,+1 513 296 4085,rdamperdq@samsung.com
+86 964 178 8519,+57 466 869 2730,tbusseydr@marriott.com
+62 227 867 7562,+86 411 814 8787,dlavilleds@go.com
+218 113 825 2162,+503 151 827 7959,kgreethamdt@google.pl
+1 650 634 9060,+93 892 243 0188,freichhardtdu@buzzfeed.com
+62 823 593 4742,+380 360 290 8151,chaworthdv@forbes.com
+963 636 890 6361,+55 591 171 8704,rpadgintondw@flavors.me
+234 158 434 0733,+970 459 890 1658,mrikarddx@webnode.com
+46 584 804 8912,+355 364 468 0549,eneilddy@unblog.fr
+351 307 631 2782,+994 977 603 5583,mrickerddz@skype.com
+63 288 835 9270,+1 205 715 7275,forgille0@chron.com
+351 685 623 5618,+86 490 854 5067,dstadene1@parallels.com
+57 394 934 5708,+63 113 228 5093,kdickersone2@paginegialle.it
+86 979 531 0020,+385 386 997 2369,broglierie3@taobao.com
+351 145 893 1673,+86 155 906 0307,bworsnape4@webmd.com
+86 257 190 3299,+33 715 791 1502,bjuareze5@twitter.com
+7 621 309 8195,+46 927 636 5360,hglassoppe6@1und1.de
+66 906 476 4031,+39 889 144 5407,ikauschee7@nsw.gov.au
+420 897 276 1979,+63 139 186 3144,scallene8@apache.org
+92 248 237 2732,+55 227 392 9851,vmacgarveye9@so-net.ne.jp
+57 333 132 8143,+47 885 817 5461,hhoudmontea@mit.edu
+62 223 306 1598,+995 917 484 2313,rgoodersoneb@wikipedia.org
+212 471 211 1486,+7 217 828 1999,cpundyec@blogs.com
+62 342 103 7438,+53 387 611 8917,jgiacobonied@cloudflare.com
+371 979 256 2074,+371 747 176 0649,nfranzettiee@smh.com.au
+62 383 411 9771,+46 922 457 9836,arosenkrancef@nba.com
+62 605 608 9820,+503 167 726 7782,pcolquhouneg@ovh.net
+86 653 316 6240,+507 857 398 0756,gfrusereh@google.pl
+218 112 568 1841,+86 783 839 2861,zbrightyei@nsw.gov.au
+7 782 687 0963,+680 447 940 9671,brestieauxej@shutterfly.com
+62 780 643 2075,+27 120 842 3133,wwringeek@squidoo.com
+353 864 123 6022,+81 403 430 2943,balesoel@sciencedaily.com
+93 839 711 9990,+976 427 210 8637,jmcculleyem@state.gov
+33 193 494 0223,+86 365 292 4025,odanskineen@php.net
+95 273 436 0370,+86 347 669 6673,dortzeneo@bigcartel.com
+33 928 410 5431,+51 465 846 9912,gtreharneep@merriam-webster.com
+86 708 673 6422,+55 678 314 8076,mskilleq@theguardian.com
+51 127 643 9044,+7 120 186 1648,rdunmoreer@yahoo.co.jp
+27 522 663 3732,+33 871 751 6880,emincheres@who.int
+507 705 803 6195,+86 827 475 3446,cgatleyet@go.com
+351 495 983 8701,+1 469 634 7772,hpipeeu@tmall.com
+351 290 168 4367,+30 550 978 1616,bdreinanev@geocities.jp
+261 705 476 2109,+62 651 143 9818,mangusew@xing.com
+86 715 934 7344,+976 238 406 9340,eescofierex@diigo.com
+33 863 840 3880,+52 354 636 5651,bsummerladey@samsung.com
+86 635 474 9574,+81 775 749 1741,getchinghamez@craigslist.org
+86 243 142 3632,+62 401 184 1285,ikornilyevf0@last.fm
+82 745 689 0911,+7 947 268 9512,tbandieraf1@slashdot.org
+51 968 304 2289,+1 469 346 1964,alemmonf2@yelp.com
+233 680 400 0291,+506 185 604 2796,mcossellf3@plala.or.jp
+380 709 569 0340,+58 744 822 5149,wodempseyf4@scribd.com
+66 517 600 7184,+63 386 848 3249,sdanilishinf5@dion.ne.jp
+86 272 404 8334,+46 696 139 3323,ehawkwoodf6@hao123.com
+380 938 925 0470,+1 352 761 5070,lwarlawf7@merriam-webster.com
+355 981 372 3871,+46 993 312 2968,rabercrombief8@com.com
+48 832 368 0345,+93 247 362 7272,bmckillopf9@youku.com
+33 696 955 6667,+52 750 355 1777,vframminghamfa@bbb.org
+62 530 668 4269,+86 799 629 5860,lprandofb@un.org
+86 570 543 5663,+54 113 584 6397,adiemerfc@umich.edu
+351 570 743 4626,+62 285 496 9419,miveryfd@globo.com
+380 497 128 5381,+33 471 244 0345,jbiltonfe@slashdot.org
+62 787 191 5549,+33 138 119 6288,jfieldsff@ameblo.jp
+63 490 705 8310,+351 759 116 8781,htwelvetreesfg@tinyurl.com
+224 634 191 4617,+7 205 935 6268,cgolledgefh@opera.com
+52 303 637 1853,+7 785 216 4481,bhaselhurstfi@china.com.cn
+7 774 913 2256,+62 767 943 8918,jstockleyfj@ehow.com
+33 836 167 6447,+1 559 323 3223,phoobanfk@businesswire.com
+98 682 124 6440,+54 142 761 9322,lkirleyfl@hhs.gov
+56 605 167 9816,+55 707 611 7282,jgilmourfm@ebay.com
+269 809 968 3284,+54 217 959 6075,rcronkfn@bigcartel.com
+234 484 773 7743,+7 956 447 6891,spalingfo@ehow.com
+254 579 841 4213,+54 548 695 9611,dgostridgefp@theguardian.com
+86 543 808 2577,+358 292 481 8541,dschafflerfq@gravatar.com
+62 275 310 5475,+33 961 665 1361,cbownefr@nps.gov
+55 159 988 0134,+63 665 397 2830,greddecliffefs@google.ca
+33 124 678 2793,+225 764 379 7948,hterbrugft@tamu.edu
+1 386 886 2194,+64 593 508 8695,mfaltinfu@google.it
+48 129 443 9284,+86 354 322 1987,ktraillfv@fema.gov
+62 413 535 3894,+502 710 102 5106,hvanmerwefw@artisteer.com
+48 870 318 2388,+7 708 777 7422,mbullersfx@nhs.uk
+7 266 314 4501,+86 185 123 5019,ksanthousefy@liveinternet.ru
+86 521 298 5253,+86 991 788 0027,shousecraftfz@addthis.com
+381 555 356 7837,+970 245 694 5285,mszymczykg0@hao123.com
+54 663 956 5780,+86 367 605 5740,gvolettg1@patch.com
+52 898 501 2870,+62 151 751 2319,cfroomeg2@reuters.com
+1 369 240 6344,+255 973 943 3299,ctillmang3@patch.com
+62 585 943 8326,+62 994 330 0318,hlukacsg4@senate.gov
+34 348 986 1697,+1 482 940 3395,mbriscowg5@ovh.net
+66 720 133 0630,+234 113 472 1260,fspinleyg6@home.pl
+62 584 565 7676,+86 363 459 3878,lcromackg7@rakuten.co.jp
+54 883 813 2707,+86 880 778 0335,gwoodruffeg8@blogger.com
+351 970 455 3124,+86 834 410 2145,mpietrzakg9@yellowbook.com
+420 516 210 0068,+7 647 611 0738,cgouldstrawga@wunderground.com
+351 837 457 3791,+81 926 979 0377,loloshkingb@ted.com
+992 118 873 4710,+86 381 629 6829,aabramamovhgc@paginegialle.it
+86 863 611 7061,+380 425 986 9519,jscrivinorgd@issuu.com
+977 296 571 6527,+63 267 586 7030,rpostancege@sogou.com
+51 981 304 7464,+86 499 696 3459,dfranekgf@foxnews.com
+46 939 662 0544,+63 147 643 1136,yripshergg@google.ca
+994 968 216 4865,+995 665 825 3309,tshetliffgh@goodreads.com
+63 134 410 5479,+86 436 619 8630,ryukhovgi@weebly.com
+86 102 760 2104,+81 564 317 2972,wbradergj@sitemeter.com
+46 982 970 8938,+48 339 630 3996,bvreedegk@bbb.org
+55 803 879 2169,+7 915 788 4794,dthrowergl@ovh.net
+62 867 112 9486,+7 996 272 8937,tderwingm@wikimedia.org
+86 163 795 6258,+86 621 577 3589,apallygn@hhs.gov
+48 480 115 0392,+93 546 943 6367,rattergo@about.me
+66 969 117 3223,+351 651 823 8785,aaspinalgp@ibm.com
+420 826 538 0740,+46 181 470 5842,rbrazelgq@vimeo.com
+359 187 871 0141,+54 542 345 1582,ccalvergr@over-blog.com
+33 669 883 5299,+46 281 564 5939,lfiguresgs@google.com.au
+30 880 450 4210,+49 277 842 2569,wdelanygt@myspace.com
+63 623 934 6302,+48 944 104 5389,msurrgu@miitbeian.gov.cn
+7 371 271 0699,+63 631 436 8683,nangelogv@elegantthemes.com
+86 769 287 0271,+48 986 758 7448,lduggetgw@google.ca
+93 793 316 4775,+7 508 660 0661,rroggerogx@guardian.co.uk
+46 576 969 3002,+55 721 761 7976,spapisgy@canalblog.com
+51 256 860 7256,+7 126 116 1227,jbiesingergz@weibo.com
+84 447 798 3764,+86 921 275 6261,rgutowskah0@multiply.com
+7 953 629 1893,+86 490 287 6281,sheeksh1@wikispaces.com
+46 966 216 2959,+7 227 177 6887,baltonh2@amazon.co.uk
+62 428 781 8393,+358 229 937 4311,gthorntondewhirsth3@usnews.com
+351 401 813 5358,+995 855 521 9177,kferriereh4@netvibes.com
+86 763 751 8997,+509 135 956 8676,aangush5@go.com
+86 899 221 8688,+7 517 890 2086,hburhillh6@vinaora.com
+221 940 972 7578,+7 227 901 8089,emacgilmartinh7@state.tx.us
+212 458 503 4079,+54 139 302 9925,lfreegardh8@patch.com
+7 273 921 0424,+33 368 773 9775,pjandach9@jugem.jp
+86 813 703 7680,+62 706 640 1765,scarnachenha@disqus.com
+1 520 219 6291,+63 137 942 3830,fcockshb@cdbaby.com
+48 716 194 2931,+254 244 973 1908,swadmanhc@flickr.com
+351 624 593 8539,+55 173 170 4457,rbiskupiakhd@fc2.com
+33 991 409 1115,+30 637 378 5148,fstonehewerhe@webmd.com
+84 124 217 9443,+62 533 685 3035,mtitmanhf@youtu.be
+48 708 458 1768,+63 790 844 0574,wbrestonhg@ft.com
+55 124 830 2745,+62 531 851 0581,fbrandaccihh@hp.com
+48 927 489 4716,+86 683 646 4523,iwysonhi@sun.com
+86 872 627 0145,+251 549 514 7057,gburchesshj@house.gov
+216 538 853 3773,+53 352 358 3751,dhounihanhk@huffingtonpost.com
+973 905 257 2923,+86 596 766 9439,qstenerhl@alibaba.com
+55 736 813 8202,+86 206 430 6999,apawelkehm@elpais.com
+66 483 129 3533,+358 420 342 2260,tbrumhamhn@smh.com.au
+86 814 792 3125,+63 697 164 0951,mcassieho@vkontakte.ru
+62 212 863 7115,+382 201 989 4396,nduferhp@sina.com.cn
+49 687 652 8803,+420 489 289 7291,egarrithq@de.vu
+86 669 402 9268,+251 873 123 0629,jgrossierhr@nih.gov
+7 621 431 7975,+86 807 230 5602,bpazhs@shareasale.com
+62 600 176 1089,+33 861 187 5578,cmiddlebrookht@skype.com
+52 292 770 7991,+691 668 795 3168,tesleyhu@indiatimes.com
+86 121 189 0007,+86 136 374 0184,gphillotthv@howstuffworks.com
+1 259 221 5657,+234 293 878 4853,aminkerhw@amazon.de
+374 835 956 9479,+380 149 854 7128,bphupratehx@myspace.com
+62 881 242 3772,+92 843 331 0871,jjacophy@stumbleupon.com
+86 538 848 1965,+51 537 725 4260,ddoodsonhz@google.fr
+86 161 496 6895,+63 748 983 7177,cwingatti0@hud.gov
+355 884 892 9453,+48 969 883 7714,peacotti1@gizmodo.com
+86 323 220 2725,+62 632 729 8294,gdydei2@comcast.net
+7 872 199 1433,+66 621 906 0312,codunniomi3@scribd.com
+358 798 284 9679,+86 243 283 3560,jamorinei4@mashable.com
+256 861 635 4365,+370 556 508 3161,bgodbyi5@yandex.ru
+63 941 304 0141,+47 395 537 4823,jsearesi6@europa.eu
+48 459 102 8062,+95 940 253 6861,jstedelli7@mapquest.com
+7 531 685 9209,+241 226 567 7202,mpeardei8@washington.edu
+53 286 191 6270,+62 265 969 9228,ctungayi9@columbia.edu
+683 626 821 4761,+86 701 574 0401,lreucastleia@yellowbook.com
+351 631 316 5493,+86 177 383 3809,hblackbournib@live.com
+86 487 307 4930,+63 966 448 9304,wsaveryic@discovery.com
+383 559 970 2218,+33 670 646 6380,znewhouseid@gizmodo.com
+57 160 889 4400,+670 424 425 0550,vrobertazziie@amazon.de
+46 876 494 1975,+31 472 465 7521,tbrabenif@dmoz.org
+48 320 933 1886,+63 778 622 7213,emonierig@nature.com
+420 639 793 7236,+62 131 992 4194,crillstoneih@prnewswire.com
+86 147 849 5939,+86 347 895 4052,kgongii@blogtalkradio.com
+46 293 112 3975,+46 269 461 6001,rgarmonij@pinterest.com
+55 261 144 5131,+63 376 250 0197,btreagusik@pbs.org
+63 411 120 9025,+86 690 736 1010,oedginil@alexa.com
+420 619 283 2647,+234 655 895 2756,brandalstonim@google.de
+66 804 283 3008,+54 269 739 4015,dswindleyin@mozilla.com
+93 322 270 7907,+86 876 932 3388,rtilburnio@barnesandnoble.com
+7 255 543 4193,+92 647 539 2189,mdownageip@upenn.edu
+52 884 485 7338,+66 859 850 3674,mmcvittieiq@wiley.com
+62 907 656 6177,+7 157 533 1289,vstubbertir@hostgator.com
+63 919 116 6372,+86 466 156 2288,echadbournis@gravatar.com
+967 375 219 8601,+86 937 264 7539,jbourrelit@twitter.com
+86 932 823 7540,+351 110 160 5059,jhelstromiu@adobe.com
+250 693 751 0203,+52 644 460 5296,gskeneiv@amazon.co.uk
+351 365 432 5315,+86 994 922 2157,ohillaniw@vistaprint.com
+86 470 208 4829,+86 598 190 7114,mcrummyix@arizona.edu
+967 414 347 0951,+86 833 754 3552,dmechiciy@statcounter.com
+86 981 603 2691,+63 160 272 6147,cpassleriz@usda.gov
+55 324 740 5974,+86 547 962 0302,dbagniukj0@myspace.com
+30 604 902 4576,+237 575 989 1382,cmcglaudj1@parallels.com
+63 828 220 4427,+692 528 860 6027,nbendsonj2@paypal.com
+62 391 653 7512,+993 547 985 2331,dlunkj3@archive.org
+55 250 395 5423,+58 906 589 1004,dpanniersj4@yelp.com
+86 303 700 9386,+86 693 583 5756,aspackmanj5@sourceforge.net
+33 679 144 1948,+49 727 271 7028,rranklinj6@nymag.com
+57 425 944 4400,+86 701 155 9965,mheinsiusj7@ebay.com
+86 106 444 9357,+46 382 931 5558,cmckeeversj8@bloglovin.com
+33 315 677 8100,+86 670 762 0842,trivlinj9@kickstarter.com
+62 410 740 5846,+86 789 737 5709,mlamlinja@com.com
+351 417 680 7194,+386 764 336 8747,hphysickjb@lulu.com
+1 651 413 2625,+57 247 815 5682,lfranceschellijc@mysql.com
+86 890 526 0263,+970 962 467 9736,dcurdjd@sbwire.com
+57 292 908 1656,+62 105 190 5925,vbarneyje@ted.com
+33 595 899 2866,+66 246 704 6261,agiblingjf@dyndns.org
+54 766 857 1704,+48 107 644 6603,aallnuttjg@xinhuanet.com
+970 673 194 3938,+269 922 727 8586,gspringtorpejh@examiner.com
+33 520 337 0305,+1 617 813 7184,esawersji@tuttocitta.it
+63 151 115 3444,+46 852 456 6045,bbockingsjj@360.cn
+963 432 863 8322,+57 732 976 1506,tsibrayjk@ocn.ne.jp
+62 434 813 4731,+62 119 564 1197,cshakeshaftjl@geocities.jp
+967 216 840 7881,+370 952 625 6393,dmapplethorpejm@chicagotribune.com
+62 958 120 4527,+86 601 406 6584,tmuatjn@samsung.com
+54 469 413 4974,+1 240 237 1564,tmayhewjo@clickbank.net
+84 317 243 0381,+86 477 105 0173,jmaxweelljp@usatoday.com
+63 548 368 7831,+62 349 908 8460,lhrusjq@reuters.com
+33 190 189 8586,+963 861 733 8884,cmcquirkjr@mozilla.com
+212 204 141 0576,+63 647 284 4331,dbrabbanjs@google.com
+33 938 779 5828,+62 538 263 2627,ckinchingtonjt@msn.com
+30 699 719 1554,+235 783 827 9685,shallahanju@google.pl
+966 288 318 3702,+1 719 448 5280,sklesljv@psu.edu
+62 213 163 8802,+234 159 978 0628,ddevinjw@spiegel.de
+86 421 856 7083,+86 431 280 9883,mhowatjx@nifty.com
+54 954 689 0058,+33 568 663 1531,mstallworthjy@istockphoto.com
+86 560 796 1416,+81 281 808 7560,jinkpenjz@ft.com
+7 817 578 8668,+7 670 713 6753,cgumbleyk0@spotify.com
+86 341 404 3232,+351 921 593 0143,cbriscowk1@dell.com
+353 235 131 1190,+7 220 277 6350,wfalshawk2@ihg.com
+48 669 208 9459,+63 411 591 8148,cogusk3@businesswire.com
+86 320 481 9259,+237 330 122 9639,tpepysk4@skype.com
+82 321 325 0744,+86 551 399 6419,pshyresk5@harvard.edu
+351 991 229 1275,+55 358 669 0070,pjosephk6@photobucket.com
+7 546 231 3499,+84 602 133 8014,hrobkerk7@multiply.com
+62 405 255 6907,+62 118 957 2935,smorfellk8@gravatar.com
+880 772 410 1403,+33 914 876 2973,eantoszczykk9@symantec.com
+963 504 106 5746,+242 157 301 5375,scarpmileka@columbia.edu
+353 183 427 4480,+351 696 605 0495,lcluattkb@gizmodo.com
+86 375 252 4206,+263 615 151 3862,asmallcombekc@unblog.fr
+63 394 583 6191,+880 576 804 4957,uodegaardkd@arstechnica.com
+1 639 868 3142,+7 300 390 8743,ebabarke@yellowpages.com
+420 799 342 2476,+48 895 685 1493,epinnegarkf@marketwatch.com
+375 829 117 2994,+46 441 625 3164,dgibbettskg@businessweek.com
+1 467 442 5707,+62 179 852 2053,gdranekh@fc2.com
+7 654 213 8273,+86 906 175 1057,dcollopki@google.nl
+351 213 586 8228,+49 212 203 3321,tclaveykj@shutterfly.com
+86 652 112 5250,+86 495 930 1404,gleathlaykk@businessweek.com
+7 379 297 4567,+93 626 207 2323,fferrarinikl@ask.com
+86 933 661 9601,+62 789 985 9902,jduiguidkm@cam.ac.uk
+63 587 222 6176,+47 505 244 8502,jpepiskn@bigcartel.com
+7 184 450 5433,+55 761 769 4475,jcoginko@webmd.com
+48 540 619 9994,+420 263 634 9441,cscartifieldkp@earthlink.net
+55 203 153 1331,+380 553 669 1688,pgudgenkq@reference.com
+86 345 389 3518,+64 367 847 5236,amaestrokr@time.com
+30 984 356 5383,+967 473 751 1469,ssultanks@marriott.com
+46 497 328 5183,+86 789 507 8958,lwonterkt@twitpic.com
+63 635 376 3209,+63 505 341 3321,btinwellku@nsw.gov.au
+86 165 355 3125,+63 790 772 8510,vsloperkv@bing.com
+86 989 183 0155,+382 424 674 7601,kcoynekw@wikia.com
+62 284 181 2891,+86 973 200 0526,dmaidenskx@miibeian.gov.cn
+51 790 787 9485,+267 174 740 7459,crouchky@ebay.co.uk
+54 934 847 5063,+420 549 215 9758,avasentsovkz@clickbank.net
+86 520 218 6400,+351 712 570 8712,aguitel0@drupal.org
+51 447 130 2354,+595 572 541 7559,sjuniperl1@51.la
+54 213 762 4894,+86 425 135 7633,gpapezl2@uol.com.br
+20 491 725 8813,+55 879 329 6480,djacquesl3@huffingtonpost.com
+62 107 363 9406,+98 201 924 0693,kalmakl4@etsy.com
+47 831 352 2473,+420 910 757 0040,twentworthl5@shareasale.com
+57 226 199 6943,+1 425 565 4217,ecardewl6@harvard.edu
+54 549 378 2439,+678 139 149 2888,nbeeresl7@homestead.com
+387 236 970 1892,+66 869 935 4768,smapplesl8@nih.gov
+86 495 547 7398,+66 561 424 2551,lgoncavesl9@google.cn
+1 831 223 2551,+351 492 474 1759,awaszczykowskila@sun.com
+63 123 379 8865,+351 868 569 5924,lpatelb@acquirethisname.com
+55 418 614 4955,+46 177 585 4814,dubsdelllc@tiny.cc
+972 421 322 8235,+351 539 381 8487,abrambleyld@virginia.edu
+33 693 972 1034,+1 203 360 7916,afeldmanle@cdbaby.com
+62 796 918 3519,+385 657 589 9366,lweeperslf@slate.com
+31 190 324 8242,+86 701 563 9081,ecordeylg@cdc.gov
+27 394 947 9053,+62 517 354 9597,krikkardlh@reference.com
+86 492 573 1551,+967 576 620 9270,kbettsli@ihg.com
+48 495 801 1270,+46 828 414 4388,kchappellelj@msu.edu
+62 823 725 6833,+509 709 996 3323,mdochonlk@slate.com
+86 579 977 2976,+53 561 234 9077,mberthouloumell@google.ca
+93 862 638 7146,+55 308 754 2207,edjakoviclm@wufoo.com
+81 491 248 9535,+351 557 941 0528,hlefrankln@usda.gov
+976 178 430 0698,+7 308 495 4234,mfargielo@webs.com
+81 376 466 3547,+58 253 475 3925,tgoodricklp@bluehost.com
+63 596 486 4803,+963 168 584 2961,hpresshaughlq@acquirethisname.com
+992 333 313 2519,+86 406 468 7134,bwithamlr@unesco.org
+58 908 673 7096,+385 875 823 8361,fsoarsls@cpanel.net
+374 459 773 0054,+54 738 296 8543,brameslt@dailymotion.com
+86 871 315 6489,+31 140 464 7354,gpittwoodlu@mozilla.org
+62 541 170 2674,+81 239 926 3453,dmartlv@yelp.com
+62 310 236 8712,+7 159 456 3509,eborgesiolw@vimeo.com
+62 841 483 4874,+20 767 460 3597,gfassanlx@sfgate.com
+380 957 831 4287,+62 912 435 5941,cmackernessly@columbia.edu
+48 978 870 1723,+31 587 219 1142,gratclifflz@google.ru
+375 313 635 6643,+86 297 215 8986,acobbingm0@biglobe.ne.jp
+298 928 110 1575,+355 998 113 9006,aliepinam1@1und1.de
+373 420 760 2451,+353 346 978 3033,vbohillsm2@oaic.gov.au
+389 413 485 2768,+976 512 595 5159,omakepeacem3@amazonaws.com
+351 198 981 4233,+30 759 978 0354,bcullefordm4@answers.com
+63 886 654 6907,+33 744 811 3933,kthainem5@prlog.org
+506 254 814 2912,+57 231 443 5686,flanfranchim6@tinypic.com
+351 475 230 7752,+965 489 536 2392,kwarlowem7@trellian.com
+7 819 212 3728,+351 468 137 6868,pstallenm8@unblog.fr
+62 509 990 2054,+86 327 544 4944,cmounchm9@t.co
+62 430 170 2940,+81 687 976 8342,tgoeffma@devhub.com
+86 641 886 7001,+598 562 883 8494,edarkottmb@forbes.com
+86 243 148 8793,+33 479 819 3099,aroulliermc@hp.com
+86 462 806 2120,+86 654 945 8599,mmitchesonmd@github.io
+86 494 455 4991,+218 277 272 4887,rballantyneme@sakura.ne.jp
+7 463 486 6169,+351 650 587 3543,tgutsellmf@webmd.com
+63 921 708 4444,+351 982 630 9874,afumagallimg@constantcontact.com
+63 545 844 2481,+389 857 989 0212,jfisbeymh@yandex.ru
+92 256 718 3017,+52 221 358 3580,lswaffieldmi@ucla.edu
+7 880 728 7107,+7 455 685 5196,dlordonmj@unc.edu
+63 416 665 7977,+506 214 461 2996,hperigeauxmk@g.co
+46 365 850 0017,+86 632 172 7747,jmcglashanml@walmart.com
+62 195 516 4702,+62 143 543 9457,bmenichinimm@seattletimes.com
+62 313 522 6728,+7 768 128 2347,pjeannelmn@myspace.com
+86 449 634 7977,+242 161 906 6006,smcluckiemo@ed.gov
+63 180 836 2358,+33 394 941 8133,gmuffittmp@opensource.org
+86 378 331 5588,+86 736 145 2306,tguerolamq@java.com
+62 950 796 5834,+1 302 555 5759,ccookseymr@issuu.com
+593 279 428 6494,+66 421 410 4971,lamericims@weibo.com
+86 143 700 8868,+63 726 893 9184,nbaracloughmt@springer.com
+63 269 441 8551,+63 850 990 4144,callicockmu@studiopress.com
+86 786 710 4095,+7 534 133 4531,medelmanmv@adobe.com
+93 125 661 8721,+48 998 414 9918,eedwardmw@twitpic.com
+86 315 343 0093,+63 213 401 3994,rcoppermx@delicious.com
+420 443 612 5089,+33 441 326 4302,kmacrowmy@ow.ly
+46 694 157 7173,+54 599 385 8274,dcreevymz@nyu.edu
+7 872 536 7857,+359 534 741 9337,afawdryn0@fotki.com
+86 563 156 6164,+56 512 347 7536,ssteaningn1@va.gov
+62 860 743 4894,+55 758 473 6004,bfeatenbyn2@ucsd.edu
+63 881 265 1747,+62 704 484 5661,wjaniszewskin3@latimes.com
+359 787 555 9379,+86 735 699 5042,avoadenn4@berkeley.edu
+62 681 597 2901,+33 768 803 7229,jspargon5@shinystat.com
+86 755 533 3361,+1 757 310 7210,fmcrilln6@drupal.org
+86 195 739 8324,+86 576 333 9480,afurneauxn7@harvard.edu
+84 127 348 0358,+63 500 288 8154,ctandeyn8@theglobeandmail.com
+387 902 137 5784,+33 449 289 6951,sparrissn9@phpbb.com
+62 688 902 0604,+62 192 805 0986,abuntinena@wiley.com
+86 383 214 0028,+381 856 720 4290,smcgannnb@dropbox.com
+380 315 779 8338,+60 571 408 3854,smccreathnc@gnu.org
+263 284 290 9569,+86 185 660 6663,bdarternd@barnesandnoble.com
+994 560 789 0832,+261 205 911 3746,tdunnene@house.gov
+86 727 702 1228,+386 185 893 0723,sfaynf@ow.ly
+48 217 965 3700,+86 930 683 0920,dbensenng@businesswire.com
+386 228 462 2297,+62 220 540 7370,sfobidgenh@indiegogo.com
+93 588 936 2709,+86 890 271 4447,kbatthewni@dagondesign.com
+269 667 779 3400,+55 303 840 9844,braynardnj@linkedin.com
+55 696 780 2758,+55 554 709 0833,mminernk@cloudflare.com
+62 572 785 2342,+226 830 800 6241,flarednl@is.gd
+7 151 295 2756,+54 957 628 3290,mmancernm@google.ru
+63 939 619 4147,+7 963 430 4388,tricciardonn@google.nl
+86 267 128 6418,+62 211 676 8320,rhavillno@msu.edu
+968 719 235 7082,+86 596 632 0711,kreecenp@whitehouse.gov
+62 310 470 8277,+98 344 559 5087,ebottlestonenq@furl.net
+380 198 766 9926,+30 104 272 1236,agummarynr@com.com
+63 862 802 5343,+55 218 844 5171,ccarssns@va.gov
+86 286 699 7641,+63 327 392 8944,imahant@hao123.com
+49 567 457 7906,+269 227 149 4320,obussensnu@mit.edu
+60 811 810 3065,+62 934 418 3849,whaslocknv@jigsy.com
+46 892 667 7661,+86 411 995 7390,mboatwrightnw@lulu.com
+63 761 699 1944,+66 996 840 3154,jbevirnx@chicagotribune.com
+973 891 296 8731,+57 524 130 8229,cscholerny@statcounter.com
+58 256 957 4477,+251 197 301 8642,brougiernz@wisc.edu
+212 908 281 5966,+48 180 698 9776,dtrowo0@japanpost.jp
+509 603 885 7613,+33 811 260 3458,asedwortho1@last.fm
+30 656 173 3688,+386 454 443 7521,dwettono2@fda.gov
+380 777 281 8458,+592 905 152 5196,ogarzao3@google.it
+62 582 249 8686,+86 127 745 0183,oamyeso4@meetup.com
+7 292 232 6274,+62 630 198 5489,ttugmano5@buzzfeed.com
+48 233 128 4088,+228 284 905 9544,vmarvello6@theguardian.com
+373 515 635 7195,+30 804 703 6808,cdeamero7@army.mil
+46 667 695 6590,+355 921 449 8576,mdukeso8@nih.gov
+33 356 788 2126,+86 713 956 8500,mpentonyo9@ucsd.edu
+55 813 943 3124,+84 747 315 5083,carnattoa@themeforest.net
+381 173 644 5455,+1 916 894 1437,bleonardeob@163.com
+230 615 262 6139,+62 429 894 6671,kmcgrawoc@storify.com
+380 699 543 3884,+389 848 393 4123,ldemangelod@skyrock.com
+81 245 218 8973,+27 488 241 8773,jmckelveyoe@cafepress.com
+504 513 188 4850,+60 688 433 8314,saistropof@squarespace.com
+62 299 460 9716,+7 493 834 9838,veverardog@yale.edu
+62 901 966 2073,+63 771 877 3866,nstrassoh@unicef.org
+62 374 995 0364,+98 614 112 1751,mallmondoi@facebook.com
+62 174 933 7334,+1 575 828 8394,legglestonoj@posterous.com
+30 203 436 8017,+381 741 154 6200,minsealok@ocn.ne.jp
+880 603 697 4415,+63 727 710 8074,rhellingsol@vk.com
+54 599 513 3591,+86 353 783 7880,mloveridgeom@merriam-webster.com
+380 599 820 1268,+86 781 966 1399,ksandwickon@merriam-webster.com
+86 139 695 2248,+374 479 141 9225,cgeorgeloo@csmonitor.com
+356 522 623 1818,+86 590 899 8666,sgenickeop@parallels.com
+1 386 586 6068,+46 995 680 9637,cvaninoq@theglobeandmail.com
+62 867 258 4008,+975 517 724 4185,mfellisor@prweb.com
+86 923 207 2436,+359 333 681 6416,cmoneryos@wikimedia.org
+86 440 931 9398,+63 544 962 6040,bruddochot@fema.gov
+54 738 469 6799,+46 914 787 1027,telsomou@japanpost.jp
+506 533 385 0584,+505 590 984 4602,lditerov@bluehost.com
+7 927 201 6936,+86 189 697 2790,gsansburyow@tinyurl.com
+81 897 389 1125,+49 166 193 6367,bwennox@sina.com.cn
+54 552 804 2190,+355 488 484 4442,tcheccioy@a8.net
+351 958 806 5389,+66 948 912 2418,frubinowitzoz@scientificamerican.com
+63 468 108 6388,+7 890 356 3973,mdarlowp0@si.edu
+62 262 321 8658,+46 310 392 2531,tchilcottep1@washingtonpost.com
+30 504 830 5998,+970 187 537 6980,gshowersp2@mapy.cz
+221 785 998 0859,+86 377 440 0777,cgrigolonp3@rambler.ru
+86 693 252 2954,+86 464 655 7674,ldukesburyp4@telegraph.co.uk
+48 950 985 5038,+58 841 604 9946,jheinishp5@princeton.edu
+63 991 296 8183,+46 874 806 5920,corcottp6@myspace.com
+352 651 847 4927,+55 721 476 4736,alivzeyp7@gizmodo.com
+1 405 436 5230,+86 572 602 8619,jemmanuelp8@163.com
+33 878 657 8762,+55 837 130 6131,echolwellp9@cornell.edu
+420 990 611 3422,+670 391 923 8383,lstaintonskinnpa@hexun.com
+63 922 567 3094,+62 556 931 6049,tsowterpb@chronoengine.com
+963 760 665 7644,+86 376 784 2032,deliapc@nps.gov
+420 952 295 5414,+245 115 220 9127,sglenisterpd@pcworld.com
+62 495 960 0234,+62 292 900 6644,cblesingpe@fc2.com
+92 465 216 1739,+62 247 436 6019,bstarmorepf@mashable.com
+358 883 367 0234,+62 971 780 7670,jbushrodpg@ask.com
+86 851 461 5361,+593 124 833 9603,texeterph@tuttocitta.it
+86 401 866 7790,+62 736 424 4201,jbirtleypi@guardian.co.uk
+387 957 307 5158,+62 253 774 3830,agudgepj@naver.com
+7 201 409 8402,+55 779 368 8369,jtivnanpk@reuters.com
+63 476 546 5398,+57 645 500 5748,aolliepl@flavors.me
+358 407 973 9347,+33 605 562 8502,cbalmannpm@amazon.com
+7 657 841 0304,+86 610 307 7938,mlanmeidpn@mozilla.com
+351 286 973 1518,+63 114 580 1392,clarrowaypo@deviantart.com
+55 280 600 9286,+86 833 904 2398,tpanimanpp@pagesperso-orange.fr
+255 762 472 5527,+86 266 385 5288,lclubleypq@posterous.com
+86 690 259 9986,+81 636 776 2425,nswalwellpr@mashable.com
+51 696 527 0954,+86 659 924 0700,adighthamps@msn.com
+7 918 538 5883,+51 781 563 9745,iattrilpt@arstechnica.com
+1 692 829 6888,+7 117 899 2931,cchampnesspu@zimbio.com
+238 498 601 3908,+7 643 172 2870,mdelleschipv@mozilla.com
+27 874 700 9786,+7 549 527 1806,jpurshousepw@microsoft.com
+1 661 273 2485,+86 277 646 5357,fgroverpx@tinypic.com
+48 989 348 7028,+54 858 680 3191,vpettingallpy@yelp.com
+1 317 863 1187,+33 587 117 9370,eorfeurpz@ask.com
+351 427 896 7532,+420 261 375 3486,yburtq0@artisteer.com
+86 682 299 5249,+86 914 989 6087,codhamsq1@bizjournals.com
+62 988 298 1531,+380 192 162 2647,frodellq2@symantec.com
+81 215 362 9197,+880 568 211 2847,mprobetsq3@unesco.org
+46 354 347 7378,+1 492 519 3794,cdaltonq4@sciencedaily.com
+86 675 513 0758,+1 515 656 1916,okamienskiq5@exblog.jp
+51 875 963 5806,+49 855 244 5613,amenaryq6@comsenz.com
+46 863 801 4157,+385 618 966 1462,bvreibergq7@prnewswire.com
+591 676 931 5770,+976 422 351 2137,jportsmouthq8@hibu.com
+63 235 196 2386,+84 908 393 7361,rdorinq9@sphinn.com
+86 933 114 3390,+86 977 757 7720,mmcnaughtqa@usnews.com
+976 391 667 8966,+48 314 114 4024,bprimeqb@aol.com
+267 886 931 7301,+381 756 919 8058,bkenningleyqc@hp.com
+62 303 522 1501,+962 215 604 1027,flundyqd@rediff.com
+86 904 719 4043,+86 925 737 1303,wcoltartqe@bluehost.com
+86 947 456 7935,+966 168 457 4521,cgowanqf@tripod.com
+48 787 739 5474,+1 360 939 2664,mbartleyqg@time.com
+420 435 795 7594,+48 738 847 2852,gschollqh@devhub.com
+86 820 285 5815,+351 337 710 4773,adownhamqi@columbia.edu
+62 232 693 5515,+54 201 657 4918,craiseqj@dyndns.org
+86 501 294 7767,+998 682 162 0699,dremirezqk@loc.gov
+86 991 116 7932,+971 350 118 5011,earmatysql@domainmarket.com
+7 396 340 1562,+33 109 765 2275,swolverqm@theatlantic.com
+51 218 116 7643,+212 845 741 5016,kvitlerqn@sohu.com
+30 105 451 9384,+86 443 264 0175,meustisqo@seattletimes.com
+1 602 893 5233,+355 125 602 1184,hcushworthqp@symantec.com
+55 262 189 9387,+62 700 480 3026,evirginqq@dot.gov
+62 274 868 1512,+55 627 382 8308,lhammattqr@abc.net.au
+7 717 202 4475,+53 626 285 1707,fnorawayqs@umich.edu
+86 275 773 6670,+7 967 326 8581,mleethemqt@dedecms.com
+46 354 420 4805,+880 397 848 4515,nwoodisonqu@smh.com.au
+48 429 564 3988,+62 905 390 2731,witskovitzqv@ucsd.edu
+255 800 150 1437,+82 295 813 4805,cbohanqw@mayoclinic.com
+86 986 796 5505,+86 989 660 2031,lstuddeardqx@cloudflare.com
+692 836 549 4829,+55 613 613 2591,noreganqy@cisco.com
+7 259 121 5524,+52 226 363 7001,ccoatsworthqz@unicef.org
+51 253 290 4727,+226 778 365 9068,estockallr0@ft.com
+1 411 112 1714,+56 962 739 8930,edilowayr1@flickr.com
+46 849 584 6456,+36 462 750 7040,abarbrookr2@archive.org
+46 177 727 2657,+27 413 312 0157,garnefieldr3@netvibes.com
+62 172 551 2883,+57 173 797 5683,fsargoodr4@cargocollective.com
+48 672 560 2360,+86 429 545 7322,icastellir5@squarespace.com
+86 953 910 3281,+30 475 343 8102,bcoilsr6@multiply.com
+86 687 890 5336,+505 609 327 5035,johagirtier7@smugmug.com
+7 101 239 2416,+62 406 856 3395,nlorkingr8@shutterfly.com
+86 772 379 2955,+63 361 738 8773,wnellerr9@netvibes.com
+960 729 454 9158,+506 482 758 8702,aharmerra@jiathis.com
+62 784 947 1328,+51 379 440 7464,asimonazzirb@bloglines.com
+593 892 686 3667,+57 792 227 2419,ibanckrc@ibm.com
+86 652 979 7520,+81 522 420 8599,mpaulleyrd@jalbum.net
+62 136 480 9807,+380 369 726 6385,sdurre@furl.net
+62 869 176 2037,+48 879 386 5362,tshillabearrf@freewebs.com
+86 851 632 5030,+420 972 164 8824,hprestlandrg@nymag.com
+970 845 774 7441,+7 245 708 4400,mjermanrh@wunderground.com
+46 153 251 8043,+62 424 189 7670,djanaszewskiri@smh.com.au
+86 814 763 4198,+86 550 826 1114,mcullinrj@over-blog.com
+216 580 244 4450,+7 243 945 9070,vtokleyrk@umich.edu
+31 597 940 7692,+93 862 814 6450,lhubblerl@foxnews.com
+62 169 120 6908,+20 326 704 5337,tgoodlifferm@free.fr
+86 279 152 7734,+54 336 943 3545,yfarrensrn@redcross.org
+255 987 514 1635,+502 589 487 9208,dstearnero@twitpic.com
+385 358 482 8519,+970 599 757 6823,msmelleyrp@nytimes.com
+504 775 335 5085,+86 147 400 7008,chandesrq@marriott.com
+351 162 469 9226,+86 162 757 7937,dharringtonrr@jimdo.com
